matrix,domain,n,nnz,zero_diag,structurally_singular,ours_1_built,ours_1_usable,ours_1_sec,ours_2_built,ours_2_usable,ours_2_sec,ours_3_built,ours_3_usable,ours_3_sec,low_drop_built,low_drop_usable,low_drop_sec,no_drop_built,no_drop_usable,no_drop_sec,full_pivot_built,full_pivot_usable,full_pivot_sec,permc_mmd_built,permc_mmd_usable,permc_mmd_sec,permc_natural_built,permc_natural_usable,permc_natural_sec
bcsstm03,structural_problem,112,112,40,False,False,False,0.00019289999909233302,False,False,9.380000119563192e-05,False,False,8.460000390186906e-05,False,False,8.350000280188397e-05,False,False,8.119999984046444e-05,False,False,7.499999628635123e-05,False,False,7.190000178525224e-05,False,False,6.900000153109431e-05
bcsstm04,structural_problem,132,132,66,False,False,False,0.000145500001963228,False,False,8.610000077169389e-05,False,False,7.899999764049426e-05,False,False,7.509999704780057e-05,False,False,7.550000009359792e-05,False,False,7.349999941652641e-05,False,False,7.580000237794593e-05,False,False,7.249999907799065e-05
west0156,chemical_process_simulation_problem,156,371,156,False,False,False,0.00028440000460250303,False,False,0.00017159999697469175,False,False,0.00014689999807160348,False,False,0.0001388000018778257,True,True,0.000134599999000784,False,False,0.00017470000602770597,True,True,0.0002721999990171753,False,False,0.00013410000246949494
west0132,chemical_process_simulation_problem,132,414,126,False,False,False,0.00019690000044647604,False,False,0.00016180000238819048,False,False,0.00014569999621016905,True,True,0.0001419000036548823,True,True,0.0001612999985809438,False,False,0.00015559999883407727,False,False,0.0002528000040911138,False,False,0.0001464000015403144
west0167,chemical_process_simulation_problem,167,507,153,False,False,False,0.00022460000036517158,False,False,0.00017560000560479239,False,False,0.0001632999992580153,True,True,0.00015890000213403255,True,True,0.0001840999975684099,False,False,0.00018000000272877514,False,False,0.0003236999982618727,False,False,0.00017629999638302252
rotor1,structural_problem,100,708,37,False,False,False,0.00022720000561093912,False,False,0.0001736999984132126,False,False,0.00016740000137360767,True,True,0.00017910000315168872,True,True,0.00017070000467356294,False,False,0.00015720000374130905,True,True,0.00017379999917466193,False,False,0.00017150000348920003
gre_216b,directed_weighted_graph,216,876,64,False,False,False,0.00044609999895328656,False,False,0.00039059999835444614,False,False,0.0003864999962388538,True,True,0.00044859999616164714,True,True,0.00047110000014072284,False,False,0.0004087999986950308,True,True,0.0004995999988750555,False,False,0.0002412999965599738
M10PI_n,eigenvalue_model_reduction_problem,682,1633,427,False,False,False,0.0004182999982731417,False,False,0.00039200000173877925,False,False,0.00040949999674921855,False,False,0.0004042999935336411,False,False,0.0004414000068209134,False,False,0.0003880000003846362,False,False,0.0004679000048781745,False,False,0.0003243000028305687
S10PI_n,eigenvalue_model_reduction_problem,682,1633,427,False,False,False,0.0005939999973634258,False,False,0.00047820000327192247,False,False,0.0004189000028418377,False,False,0.00037960000190651044,False,False,0.0004393999988678843,False,False,0.0003929999948013574,False,False,0.0005036000002291985,False,False,0.0003663000024971552
west0497,chemical_process_simulation_problem,497,1727,491,False,False,False,0.0005468999952427112,False,False,0.000538699998287484,False,False,0.00048210000386461616,True,True,0.00047470000572502613,True,True,0.0005153999954927713,False,False,0.0004960999940522015,True,True,0.0011027000000467524,False,False,0.0006049000003258698
nnc261,2d_3d_problem,261,1500,111,False,False,False,0.0004861999987042509,False,False,0.0004741000011563301,False,False,0.0004434000002220273,False,False,0.00047700000141048804,True,True,0.0004969000001437962,False,False,0.0005406999989645556,True,True,0.0005117000036989339,True,True,0.00046999999904073775
west0479,chemical_process_simulation_problem,479,1910,471,False,False,False,0.0006384999942383729,False,False,0.0006638999984716065,False,False,0.0006483999968622811,True,True,0.0006326000002445653,True,True,0.0006726999999955297,False,False,0.0006446000043069944,False,False,0.0018596000008983538,False,False,0.0006701999955112115
USAir97,undirected_weighted_graph,332,4252,332,False,False,False,0.0005539999983739108,False,False,0.000509600002260413,False,False,0.000508999997691717,False,False,0.0005047000013291836,False,False,0.0005063999997219071,False,False,0.0004941000006510876,False,False,0.0005110999991302378,False,False,0.0020850000000791624
oscil_dcop_56,circuit_simulation_problem,430,1544,64,False,False,False,0.0004608999952324666,False,False,0.00046290000318549573,False,False,0.0004521000009845011,True,True,0.00041449999844189733,True,True,0.0004523999959928915,False,False,0.00042329999996582046,False,False,0.0004058999984408729,False,False,0.0003077000001212582
oscil_dcop_54,circuit_simulation_problem,430,1544,64,False,False,False,0.0004783000040333718,False,False,0.000429600004281383,False,False,0.00041230000351788476,True,True,0.0004383000050438568,True,True,0.00042689999827416614,False,False,0.0004222999996272847,False,False,0.0004029000047012232,False,False,0.00031960000342223793
oscil_dcop_57,circuit_simulation_problem,430,1544,64,False,False,False,0.00046909999946365133,False,False,0.00042749999556690454,False,False,0.000407300001825206,True,True,0.0004090000002179295,True,True,0.0004158000010647811,False,False,0.00042129999928874895,False,False,0.00040330000047106296,False,False,0.0003073999978369102
oscil_dcop_51,circuit_simulation_problem,430,1544,64,False,False,False,0.00048179999430431053,False,False,0.0004214000000501983,False,False,0.0004117999997106381,True,True,0.0004122000027564354,True,True,0.0004121999954804778,False,False,0.0004123999970033765,False,False,0.00042409999878145754,False,False,0.000319799997669179
oscil_dcop_50,circuit_simulation_problem,430,1544,64,False,False,False,0.0004805999997188337,False,False,0.0004288000054657459,False,False,0.00042300000495743006,True,True,0.0004059999992023222,True,True,0.0004317999992053956,False,False,0.0004199999966658652,False,False,0.0005067000020062551,False,False,0.00034700000105658546
oscil_dcop_52,circuit_simulation_problem,430,1544,64,False,False,False,0.00048629999946570024,False,False,0.0004195000001345761,False,False,0.0004117999997106381,True,True,0.0004104999970877543,True,True,0.0004228999969200231,False,False,0.00042129999928874895,False,False,0.0003951999970013276,False,False,0.0003062999967369251
oscil_dcop_53,circuit_simulation_problem,430,1544,64,False,False,False,0.0004647999958251603,False,False,0.0004134999981033616,False,False,0.00041449999844189733,True,True,0.0004093999959877692,True,True,0.00041709999641170725,False,False,0.00041870000131893903,False,False,0.00040160000207833946,False,False,0.0003068000005441718
oscil_dcop_55,circuit_simulation_problem,430,1544,64,False,False,False,0.0005061000047135167,False,False,0.00045559999853139743,False,False,0.00042689999827416614,True,True,0.00041479999345028773,True,True,0.0004152000037720427,False,False,0.00041790000250330195,False,False,0.00040520000038668513,False,False,0.00030420000257436186
oscil_dcop_48,circuit_simulation_problem,430,1544,64,False,False,False,0.0005153000020072795,False,False,0.00045369999861577526,False,False,0.00043370000639697537,True,True,0.00040950000402517617,True,True,0.00041929999861167744,False,False,0.0004157999937888235,False,False,0.0004019999978481792,False,False,0.0003082999974139966
oscil_dcop_49,circuit_simulation_problem,430,1544,64,False,False,False,0.00045729999692412093,False,False,0.0004172000044491142,False,False,0.00041199999395757914,True,True,0.00041530000453349203,True,True,0.000414699999964796,False,False,0.0004132999965804629,False,False,0.00039619999733986333,False,False,0.0003010000000358559
oscil_dcop_47,circuit_simulation_problem,430,1544,64,False,False,False,0.00045700000191573054,False,False,0.0005076999950688332,False,False,0.00046319999819388613,True,True,0.0004335000048740767,True,True,0.0004258999979356304,False,False,0.00042799999937415123,False,False,0.00040299999818671495,False,False,0.00032249999640043825
oscil_dcop_46,circuit_simulation_problem,430,1544,64,False,False,False,0.0004454000008990988,False,False,0.0004262000002199784,False,False,0.00040869999793358147,True,True,0.00040979999903356656,True,True,0.0004154999987804331,False,False,0.0004126999992877245,False,False,0.0006234999964362942,False,False,0.0004898999977740459
oscil_dcop_45,circuit_simulation_problem,430,1544,64,False,False,False,0.0005010000022593886,False,False,0.00041960000089602545,False,False,0.0004057000041939318,True,True,0.0004119000004720874,True,True,0.00041459999920334667,False,False,0.0004172999979346059,False,False,0.00039659999310970306,False,False,0.0003037999995285645
oscil_dcop_06,circuit_simulation_problem,430,1544,64,False,False,False,0.0004910999996354803,False,False,0.0004243000003043562,False,False,0.00042190000385744497,True,True,0.0004124999977648258,True,True,0.0004117999997106381,False,False,0.00042580000445013866,False,False,0.00040210000588558614,False,False,0.0003144999936921522
oscil_dcop_01,circuit_simulation_problem,430,1544,64,False,False,False,0.0005209000009926967,False,False,0.00042189999658148736,False,False,0.00041459999920334667,True,True,0.00041990000318037346,True,True,0.0004208999962429516,False,False,0.0004230999984429218,False,False,0.00041739999869605526,False,False,0.0003415000028326176
oscil_dcop_44,circuit_simulation_problem,430,1544,64,False,False,False,0.0005044999998062849,False,False,0.0004215000008116476,False,False,0.0004917999976896681,True,True,0.0005433000042103231,True,True,0.0004706999970949255,False,False,0.00044440000056056306,False,False,0.0004130000015720725,False,False,0.0003237000055378303
oscil_dcop_43,circuit_simulation_problem,430,1544,64,False,False,False,0.0004990999950678088,False,False,0.0004102000020793639,False,False,0.0004133000038564205,True,True,0.00041120000241789967,True,True,0.0004444999940460548,False,False,0.0004400000034365803,False,False,0.0005052000051364303,False,False,0.00040129999979399145
oscil_dcop_07,circuit_simulation_problem,430,1544,64,False,False,False,0.0005095000014989637,False,False,0.00042950000351993367,False,False,0.0004135999988648109,True,True,0.00040969999827211723,True,True,0.00042129999928874895,False,False,0.0005568999986280687,False,False,0.0004563000038615428,False,False,0.0003243999963160604
oscil_dcop_05,circuit_simulation_problem,430,1544,64,False,False,False,0.0004681999998865649,False,False,0.00042640000174287707,False,False,0.00041449999844189733,True,True,0.0004210999977658503,True,True,0.0004312999953981489,False,False,0.0004298999992897734,False,False,0.0004042000000481494,False,False,0.0003176000027451664
oscil_dcop_02,circuit_simulation_problem,430,1544,64,False,False,False,0.0005170999938854948,False,False,0.00042189999658148736,False,False,0.0004305000038584694,True,True,0.00041149999742629007,True,True,0.00042920000123558566,False,False,0.00042360000225016847,False,False,0.00042050000047311187,False,False,0.0003452000019024126
oscil_dcop_08,circuit_simulation_problem,430,1544,64,False,False,False,0.00046460000157821923,False,False,0.00043000000005122274,False,False,0.00043309999455232173,True,True,0.00041709999641170725,True,True,0.00041570000030333176,False,False,0.00042689999827416614,False,False,0.00040699999954085797,False,False,0.00032310000096913427
oscil_dcop_13,circuit_simulation_problem,430,1544,64,False,False,False,0.0004817000008188188,False,False,0.0004197999951429665,False,False,0.00048230000538751483,True,True,0.000432699998782482,True,True,0.00042830000165849924,False,False,0.00044129999878350645,False,False,0.00042580000445013866,False,False,0.00032669999927747995
oscil_dcop_42,circuit_simulation_problem,430,1544,64,False,False,False,0.0008545000018784776,False,False,0.00047669999912614003,False,False,0.00043230000301264226,True,True,0.00041200000123353675,True,True,0.0004191000043647364,False,False,0.0004165999998804182,False,False,0.0004058999984408729,False,False,0.0003145000009681098
oscil_dcop_12,circuit_simulation_problem,430,1544,64,False,False,False,0.0004589000018313527,False,False,0.0004135999988648109,False,False,0.0004078999991179444,True,True,0.0004275999963283539,True,True,0.00041820000478764996,False,False,0.00041480000072624534,False,False,0.0004044999950565398,False,False,0.0003312999979243614
oscil_dcop_41,circuit_simulation_problem,430,1544,64,False,False,False,0.00049080000462709,False,False,0.0004304000030970201,False,False,0.0004208000027574599,True,True,0.00041459999920334667,True,True,0.00043110000115120783,False,False,0.0004241999995429069,False,False,0.00040639999497216195,False,False,0.0003133999998681247
oscil_dcop_04,circuit_simulation_problem,430,1544,64,False,False,False,0.00047250000352505594,False,False,0.00041900000360328704,False,False,0.00041280000004917383,True,True,0.0004278999986127019,True,True,0.00041629999759607017,False,False,0.0004191000043647364,False,False,0.0003983999995398335,False,False,0.0003112999984296039
oscil_dcop_09,circuit_simulation_problem,430,1544,64,False,False,False,0.0004476999965845607,False,False,0.00041310000233352184,False,False,0.00042630000098142773,True,True,0.0004275999963283539,True,True,0.0004158000010647811,False,False,0.00041449999844189733,False,False,0.0004028000039397739,False,False,0.00031599999783793464
oscil_dcop_40,circuit_simulation_problem,430,1544,64,False,False,False,0.0005250000031082891,False,False,0.00042099999700440094,False,False,0.00041449999844189733,True,True,0.0004210999977658503,True,True,0.0005048000020906329,False,False,0.00044300000445218757,False,False,0.00040330000047106296,False,False,0.0003136000013910234
oscil_dcop_23,circuit_simulation_problem,430,1544,64,False,False,False,0.0005154000027687289,False,False,0.000410699998610653,False,False,0.0004489999992074445,True,True,0.00041849999979604036,True,True,0.0004149000014876947,False,False,0.00043089999962830916,False,False,0.0004222999996272847,False,False,0.00033149999944726005
oscil_dcop_24,circuit_simulation_problem,430,1544,64,False,False,False,0.00046329999895533547,False,False,0.00042950000351993367,False,False,0.0004198000024189241,True,True,0.00041870000131893903,True,True,0.0004560000015771948,False,False,0.00043870000081369653,False,False,0.0004011999990325421,False,False,0.00031289999606087804
oscil_dcop_28,circuit_simulation_problem,430,1544,64,False,False,False,0.00047389999963343143,False,False,0.0004248999975970946,False,False,0.00042039999971166253,False,False,0.0004124999977648258,True,True,0.00041430000419495627,False,False,0.00042969999776687473,False,False,0.00039600000309292227,False,False,0.00030930000502849
oscil_dcop_29,circuit_simulation_problem,430,1544,64,False,False,False,0.0004905000023427419,False,False,0.0004076999975950457,False,False,0.0004075999968335964,False,False,0.0004250999991199933,True,True,0.00045619999582413584,False,False,0.0004580000022542663,False,False,0.00040549999539507553,False,False,0.0003178999977535568
oscil_dcop_31,circuit_simulation_problem,430,1544,64,False,False,False,0.0005604000034509227,False,False,0.00042579999717418104,False,False,0.00041570000030333176,True,True,0.00043489999370649457,True,True,0.0004197000016574748,False,False,0.000428699997428339,False,False,0.0003969000026700087,False,False,0.0003096000000368804
oscil_dcop_30,circuit_simulation_problem,430,1544,64,False,False,False,0.0004745999976876192,False,False,0.0004210999977658503,False,False,0.0004009000040241517,False,False,0.00042560000292724,True,True,0.00041709999641170725,False,False,0.00043300000106683,False,False,0.0003932000036002137,False,False,0.0003006000042660162
oscil_dcop_26,circuit_simulation_problem,430,1544,64,False,False,False,0.0004992000031052157,False,False,0.0005066999947302975,False,False,0.000494500003696885,True,True,0.00043449999793665484,True,True,0.00045620000310009345,False,False,0.0005531999995582737,False,False,0.00047990000166464597,False,False,0.00034130000130971894
oscil_dcop_03,circuit_simulation_problem,430,1544,64,False,False,False,0.0004961000013281591,False,False,0.00044359999446896836,False,False,0.0004593999983626418,True,True,0.00041819999751169235,True,True,0.0004098999997950159,False,False,0.0004141999961575493,False,False,0.0004023000001325272,False,False,0.0003542000049492344
oscil_dcop_36,circuit_simulation_problem,430,1544,64,False,False,False,0.0005058000024291687,False,False,0.00040409999928670004,False,False,0.0004074000025866553,True,True,0.0004090999937034212,True,True,0.0004110999943804927,False,False,0.00041090000013355166,False,False,0.00039429999742424116,False,False,0.00030279999919002876
oscil_dcop_25,circuit_simulation_problem,430,1544,64,False,False,False,0.0004847999953199178,False,False,0.0004141999961575493,False,False,0.0004031999997096136,True,True,0.0004138000003877096,True,True,0.0004174000059720129,False,False,0.0004254000014043413,False,False,0.0003963000053772703,False,False,0.0003073999978369102
oscil_dcop_35,circuit_simulation_problem,430,1544,64,False,False,False,0.0004709999993792735,False,False,0.00040779999835649505,False,False,0.0004191000043647364,True,True,0.0004167000006418675,True,True,0.0004165999998804182,False,False,0.0004075999968335964,False,False,0.00039399999513989314,False,False,0.0003049000006285496
oscil_dcop_17,circuit_simulation_problem,430,1544,64,False,False,False,0.0004574000049615279,False,False,0.00041310000233352184,False,False,0.000487299999804236,True,True,0.0004445000013220124,True,True,0.0004914000019198284,False,False,0.00044329999946057796,False,False,0.000429600004281383,False,False,0.0003208999987691641
oscil_dcop_18,circuit_simulation_problem,430,1544,64,False,False,False,0.0004589000018313527,False,False,0.00041489999421173707,False,False,0.00040839999564923346,True,True,0.0004400000034365803,True,True,0.00043230000301264226,False,False,0.0004193999993731268,False,False,0.0003989000033470802,False,False,0.0003127999952994287
oscil_dcop_34,circuit_simulation_problem,430,1544,64,False,False,False,0.0004868000032729469,False,False,0.000411300003179349,False,False,0.0004084000029251911,True,True,0.0004093000025022775,True,True,0.0004169000021647662,False,False,0.0004124000042793341,False,False,0.00039629999810131267,False,False,0.0003053999971598387
oscil_dcop_37,circuit_simulation_problem,430,1544,64,False,False,False,0.00046999999904073775,False,False,0.00041090000013355166,False,False,0.0004087999986950308,True,True,0.0004149000014876947,True,True,0.00041649999911896884,False,False,0.00041760000021895394,False,False,0.0004098000063095242,False,False,0.000320099999953527
oscil_dcop_27,circuit_simulation_problem,430,1544,64,False,False,False,0.0005178999999770895,False,False,0.0004180000032647513,False,False,0.0004154999987804331,True,True,0.00042609999945852906,True,True,0.0004195000001345761,False,False,0.00041929999861167744,False,False,0.0004015000013168901,False,False,0.00032219999411609024
oscil_dcop_10,circuit_simulation_problem,430,1544,64,False,False,False,0.00047360000462504104,False,False,0.0004193999993731268,False,False,0.00041760000021895394,True,True,0.0004341000021668151,True,True,0.00045339999633142725,False,False,0.0004337999998824671,False,False,0.0004067999980179593,False,False,0.0003232000017305836
oscil_dcop_11,circuit_simulation_problem,430,1544,64,False,False,False,0.000483900003018789,False,False,0.0004234999942127615,False,False,0.0004191999978502281,True,True,0.0004129999942961149,True,True,0.00046209999709390104,False,False,0.0004360000020824373,False,False,0.0004362999970908277,False,False,0.0003225999971618876
oscil_dcop_39,circuit_simulation_problem,430,1544,64,False,False,False,0.00047569999878760427,False,False,0.00041739999869605526,False,False,0.0004093000025022775,True,True,0.0004078999991179444,True,True,0.00044329999946057796,False,False,0.00044070000149076805,False,False,0.0004008000032627024,False,False,0.0003100000030826777
oscil_dcop_33,circuit_simulation_problem,430,1544,64,False,False,False,0.00045569999929284677,False,False,0.00046180000208551064,False,False,0.00042409999878145754,True,True,0.0004237000030116178,True,True,0.00043489999370649457,False,False,0.00041700000292621553,False,False,0.0004002999994554557,False,False,0.00031370000215247273
oscil_dcop_32,circuit_simulation_problem,430,1544,64,False,False,False,0.0004936000041197985,False,False,0.00041570000030333176,False,False,0.0004182999982731417,True,True,0.00042329999996582046,True,True,0.00042100000428035855,False,False,0.00042270000267308205,False,False,0.00039449999894713983,False,False,0.0011529999974300154
oscil_dcop_22,circuit_simulation_problem,430,1544,64,False,False,False,0.00046499999734805897,False,False,0.0004155999995418824,False,False,0.00042810000013560057,True,True,0.00041730000521056354,True,True,0.00041479999345028773,False,False,0.0004490999999688938,False,False,0.00041259999852627516,False,False,0.0003242999955546111
oscil_dcop_38,circuit_simulation_problem,430,1544,64,False,False,False,0.000498399997013621,False,False,0.0004135000053793192,False,False,0.00040779999835649505,True,True,0.00041489999421173707,True,True,0.0004458999974303879,False,False,0.00042159999429713935,False,False,0.0003980999972554855,False,False,0.0003015999973285943
oscil_dcop_19,circuit_simulation_problem,430,1544,64,False,False,False,0.0004475999958231114,False,False,0.00041590000182623044,False,False,0.0004628999959095381,True,True,0.0006367999958456494,True,True,0.0004961000013281591,False,False,0.00046350000047823414,False,False,0.00041259999852627516,False,False,0.00031209999724524096
oscil_dcop_14,circuit_simulation_problem,430,1544,64,False,False,False,0.000501599999552127,False,False,0.0004341000021668151,False,False,0.0004924000022583641,True,True,0.0004971000016666949,True,True,0.00043710000318242237,False,False,0.0004324999972595833,False,False,0.00042270000267308205,False,False,0.00032359999750042334
oscil_dcop_15,circuit_simulation_problem,430,1544,64,False,False,False,0.0005476000005728565,False,False,0.0004310000003897585,False,False,0.000415000002249144,True,True,0.00041000000055646524,True,True,0.00042050000047311187,False,False,0.0004163999983575195,False,False,0.00040579999767942354,False,False,0.00031599999783793464
oscil_dcop_20,circuit_simulation_problem,430,1544,64,False,False,False,0.0004594000056385994,False,False,0.0004141000026720576,False,False,0.0004247999968356453,True,True,0.0004526000047917478,True,True,0.0004465000019990839,False,False,0.0004206000012345612,False,False,0.0004027999966638163,False,False,0.00032810000266181305
oscil_dcop_21,circuit_simulation_problem,430,1544,64,False,False,False,0.0004883999936282635,False,False,0.0004115000047022477,False,False,0.00041820000478764996,True,True,0.00042940000275848433,True,True,0.00045149999641580507,False,False,0.00044290000369073823,False,False,0.0004115999981877394,False,False,0.00033059999987017363
oscil_dcop_16,circuit_simulation_problem,430,1544,64,False,False,False,0.0004537999993772246,False,False,0.00041989999590441585,False,False,0.00041400000191060826,True,True,0.00041450000571785495,True,True,0.0004208000027574599,False,False,0.0004437000025063753,False,False,0.0004774999979417771,False,False,0.00033070000063162297
west0655,chemical_process_simulation_problem,655,2854,650,False,False,False,0.000991799999610521,False,False,0.0009028999993461184,False,False,0.0010907999967457727,True,True,0.000981699995463714,True,True,0.0009884999963105656,False,False,0.0008782000004430301,False,False,0.0033315000036964193,False,False,0.0010427000015624799
M20PI_n,eigenvalue_model_reduction_problem,1182,2881,697,False,False,False,0.0007241000057547353,False,False,0.0006734999988111667,False,False,0.000644200001261197,False,False,0.0005894999994779937,False,False,0.0006603000001632608,False,False,0.0006328999952529557,False,False,0.0007979000001796521,False,False,0.0005161000008229166
S20PI_n,eigenvalue_model_reduction_problem,1182,2881,697,False,False,False,0.0007168999945861287,False,False,0.0006554999999934807,False,False,0.0006648999988101423,False,False,0.0006024999966030009,False,False,0.0006966000000829808,False,False,0.0006242000017664395,False,False,0.0007886000021244399,False,False,0.0005073000065749511
lns_511,computational_fluid_dynamics_problem,511,2796,89,False,False,False,0.0011731000049621798,False,False,0.0009915999980876222,False,False,0.0009444000024814159,False,False,0.0010627000010572374,True,True,0.0011721999981091358,False,False,0.0010366999995312653,False,False,0.0011988999976892956,False,False,0.000982600002316758
west0989,chemical_process_simulation_problem,989,3537,984,False,False,False,0.0008690000031492673,False,False,0.0008350999996764585,False,False,0.000848300005600322,True,True,0.000833400001283735,True,True,0.0009162000060314313,False,False,0.0008192999957827851,False,False,0.004091899994818959,False,False,0.001047999998263549
lnsp_511,computational_fluid_dynamics_problem,511,2796,89,False,False,False,0.0010335999977542087,False,False,0.0009647999977460131,False,False,0.001013499997498002,False,False,0.0010866999946301803,True,True,0.0012158999961684458,False,False,0.001065000004018657,False,False,0.0012224999954923987,False,False,0.0006379000042215921
b2_ss,chemical_process_simulation_problem,1089,4228,1088,False,False,False,0.0010313000020687468,False,False,0.000952599999436643,False,False,0.0010588000004645437,True,True,0.0010633999991114251,True,True,0.0010621999972499907,False,False,0.0009960000024875626,False,False,0.007102900002792012,True,True,0.0010071000069729052
nnc666,2d_3d_problem,666,4044,256,False,False,False,0.001501099999586586,False,False,0.0013257999962661415,False,False,0.001294399997277651,True,True,0.0015475999971386045,True,True,0.0015229000055114739,False,False,0.0014978000035625882,True,True,0.0018759000013233162,True,True,0.0014584000018658116
spaceStation_3,optimal_control_problem,467,5103,208,False,False,False,0.0013796999992337078,False,False,0.0012678999992203899,False,False,0.0012884999960078858,True,True,0.0014424999972106889,True,True,0.001533899994683452,False,False,0.0013975000038044527,True,True,0.002126200000930112,False,False,0.003682199996546842
freeFlyingRobot_1,optimal_control_problem,798,5246,322,False,False,False,0.0015156000008573756,False,False,0.0012346000003162771,False,False,0.001201200000650715,False,False,0.002058099998976104,True,True,0.0023201000003609806,False,False,0.0014276000001700595,False,False,0.0010619000022416003,False,False,0.0005354000022634864
M40PI_n,eigenvalue_model_reduction_problem,2182,5341,1237,False,False,False,0.001090099998691585,False,False,0.0011337000032654032,False,False,0.0011862000028486364,False,False,0.0011771999998018146,False,False,0.0010957999984384514,False,False,0.0010417999947094359,False,False,0.0016223999991780147,False,False,0.0010889999975915998
S40PI_n,eigenvalue_model_reduction_problem,2182,5341,1237,False,False,False,0.0011684999990393408,False,False,0.0010889999975915998,False,False,0.0013193000049795955,False,False,0.0012382999993860722,False,False,0.0011742999995476566,False,False,0.0011404999968362972,False,False,0.001566799997817725,False,False,0.0011431999955675565
b_dyn,chemical_process_simulation_problem,1089,4264,1087,False,False,False,0.0011205000046174973,False,False,0.001044299999193754,False,False,0.0011444999981904402,True,True,0.0012380999978631735,True,True,0.0011787999974330887,False,False,0.0013772000020253472,False,False,0.0075162000066484325,True,True,0.0009124999996856786
laser,materials_problem,3002,9000,2002,False,False,False,0.0014744000000064261,False,False,0.0014913000050000846,False,False,0.0015631999995093793,False,False,0.0015103000041563064,False,False,0.0015910999936750159,False,False,0.0014886000062688254,False,False,0.0014681000029668212,False,False,0.0013648000021930784
west1505,chemical_process_simulation_problem,1505,5445,1500,False,False,False,0.0012682000015047379,False,False,0.0012108000009902753,False,False,0.0016084000017144717,True,True,0.0013609000016003847,True,True,0.0019065000014961697,False,False,0.0012567000012495555,False,False,0.008128800000122283,False,False,0.0021339999948395416
reorientation_1,optimal_control_problem,677,7326,281,False,False,False,0.00145160000101896,False,False,0.0015162999989115633,False,False,0.0014968000032240525,True,True,0.002569299998867791,True,True,0.003506799999740906,False,False,0.0014107000024523586,False,False,0.0019664999999804422,False,False,0.001357000001007691
goddardRocketProblem_1,optimal_control_problem,831,8498,415,False,False,False,0.002560499997343868,False,False,0.002522200004023034,False,False,0.0025356999976793304,True,True,0.00281649999669753,True,True,0.003034599998500198,False,False,0.0026872999951592647,True,True,0.003913700005796272,True,True,0.00411549999989802
west2021,chemical_process_simulation_problem,2021,7353,2016,False,False,False,0.0015379999967990443,False,False,0.0014569000049959868,False,False,0.0015583000058541074,True,True,0.0015103999976417981,True,True,0.001816000003600493,False,False,0.0014168999987305142,False,False,0.012306399999943096,False,False,0.0025615000049583614
plsk1919,2d_3d_problem,1919,9662,1919,False,False,False,0.0037502000050153583,False,False,0.003951500002585817,False,False,0.004014300000562798,True,True,0.003613499997300096,True,True,0.003972000005887821,True,True,0.0037165000030654483,True,True,0.017073199996957555,True,True,0.006155900002340786
fpga_dcop_03,circuit_simulation_problem,1220,5892,84,False,False,False,0.0013877999954274856,False,False,0.0012748000008286908,False,False,0.001353600004222244,True,True,0.0015903000021353364,True,True,0.0015740999951958656,False,False,0.0014139000049908645,True,True,0.0012933000034536235,False,False,0.0009533999982522801
fpga_dcop_02,circuit_simulation_problem,1220,5892,84,False,False,False,0.0013685000012628734,False,False,0.0015085000050021335,False,False,0.0014115000012679957,True,True,0.00156050000077812,True,True,0.0015652000001864508,False,False,0.001395299994328525,False,False,0.001316699999733828,True,True,0.0011920000033569522
fpga_dcop_09,circuit_simulation_problem,1220,5888,84,False,False,False,0.0014407999988179654,False,False,0.0014467999935732223,False,False,0.0013910000052419491,True,True,0.0015559000021312386,True,True,0.0015904000028967857,False,False,0.0021877999970456585,True,True,0.001617399997485336,False,False,0.0015673000016249716
fpga_dcop_15,circuit_simulation_problem,1220,5892,84,False,False,False,0.0018904999960795976,False,False,0.0018345999997109175,False,False,0.00201569999626372,False,False,0.002260599998407997,True,True,0.0023885999980848283,False,False,0.0015739000009489246,True,True,0.0014697000005980954,False,False,0.0010484999947948381
M80PI_n,eigenvalue_model_reduction_problem,4182,10261,2317,False,False,False,0.0021198000031290576,False,False,0.0024396999942837283,False,False,0.0026263999970979057,False,False,0.002318499995453749,False,False,0.002198599999246653,False,False,0.0021488999991561286,False,False,0.00339880000683479,False,False,0.0022648999947705306
S80PI_n,eigenvalue_model_reduction_problem,4182,10261,2317,False,False,False,0.0021440999989863485,False,False,0.0021797000008518808,False,False,0.0022730999990017153,False,False,0.0023316999941016547,False,False,0.0022823999970569275,False,False,0.002289899995957967,False,False,0.0035333999985596165,False,False,0.002082600003632251
fpga_dcop_12,circuit_simulation_problem,1220,5892,84,False,False,False,0.0013842999978805892,False,False,0.001291799999307841,False,False,0.0013414999993983656,True,True,0.0015101999961188994,True,True,0.0015582999985781498,False,False,0.001366500000585802,True,True,0.0013472999999066815,True,True,0.0009247000052710064
fpga_dcop_01,circuit_simulation_problem,1220,5892,84,False,False,False,0.0013910999987274408,False,False,0.0013233999998192303,False,False,0.0014995999954408035,False,False,0.0015426000027218834,True,True,0.001574800000526011,False,False,0.0013134000037098303,False,False,0.0012010999998892657,True,True,0.0008116000026348047
nnc1374,2d_3d_problem,1374,8606,504,False,False,False,0.0035967000003438443,False,False,0.0032979999959934503,False,False,0.0033962999950745143,False,False,0.0038366000007954426,True,True,0.0038773999986005947,False,False,0.003344400000059977,False,False,0.0013968999992357567,False,False,0.0014550999985658564
freeFlyingRobot_2,optimal_control_problem,1338,11600,538,False,False,False,0.005111099999339785,False,False,0.005396799999289215,False,False,0.005341800002497621,True,True,0.006271000005654059,True,True,0.006422400001611095,True,True,0.005392499995650724,True,True,0.005016100003558677,False,False,0.007817500001692679
zenios,optimization_problem,2873,27191,2873,False,False,False,0.0016806999992695637,False,False,0.00166940000053728,False,False,0.0017835999969975092,False,False,0.0018023000011453405,False,False,0.0019753000015043654,False,False,0.0018756999998004176,False,False,0.0015790000034030527,False,False,0.0005853999973624013
rotor2,structural_problem,791,10685,123,False,False,False,0.0011837999991257675,False,False,0.0012148000023444183,False,False,0.0011509999967529438,True,True,0.0012750000023515895,True,True,0.001317300004302524,False,False,0.0011539999977685511,False,False,0.0013336999982129782,False,False,0.0048104000015882775
freeFlyingRobot_3,optimal_control_problem,1718,12922,690,False,False,False,0.0066360999990138225,False,False,0.007146700001612771,False,False,0.007114899999578483,True,True,0.008247199999459554,True,True,0.008807999998680316,True,True,0.007777799997711554,True,True,0.004377299999759998,False,False,0.013813100005791057
spaceStation_4,optimal_control_problem,950,13626,420,False,False,False,0.0039876000009826384,False,False,0.0037049999955343083,False,False,0.0036822999973082915,True,True,0.004851599995163269,True,True,0.004993000002286863,False,False,0.0040026999995461665,True,True,0.008605400005762931,False,False,0.014656299994385336
spaceStation_5,optimal_control_problem,1019,15219,450,False,False,False,0.004753799999889452,False,False,0.004259900000761263,False,False,0.004381200000352692,True,True,0.005525500004296191,True,True,0.005666099998052232,False,False,0.00664169999799924,True,True,0.011723399999027606,False,False,0.015849499999603722
extr1,chemical_process_simulation_problem,2837,11407,2835,False,False,False,0.0031311999991885386,False,False,0.002612000003864523,False,False,0.0027069999996456318,True,True,0.0028300999983912334,True,True,0.0026521000036154874,False,False,0.0025454999995417893,True,True,0.036017500002344605,True,True,0.0024037999974098057
extr1b,chemical_process_simulation_problem,2836,11404,2834,False,False,False,0.00428700000338722,False,False,0.008384100001421757,False,False,0.01066269999864744,True,True,0.015086100000189617,True,True,0.0059446999948704615,False,False,0.0031543000004603527,True,True,0.0701305999973556,True,True,0.0058113000050070696
spaceStation_6,optimal_control_problem,1111,17595,490,False,False,False,0.01316709999809973,False,False,0.009868000001006294,False,False,0.00980419999541482,True,True,0.016480199999932665,True,True,0.014434299999265932,False,False,0.011340600001858547,True,True,0.032768199998827185,False,False,0.0394841000015731
spaceStation_10,optimal_control_problem,1272,17478,560,False,False,False,0.009699200003524311,False,False,0.006379300000844523,False,False,0.012708599999314174,True,True,0.013260899999295361,True,True,0.012224799997056834,False,False,0.006806400000641588,True,True,0.01983699999982491,False,False,0.07402110000111861
spaceStation_7,optimal_control_problem,1134,18252,500,False,False,False,0.015205399999103975,False,False,0.01121660000353586,False,False,0.013467400000081398,True,True,0.017719100003887434,True,True,0.008919600004446693,False,False,0.009872700000414625,True,True,0.019081200000073295,False,False,0.03027270000166027
freeFlyingRobot_4,optimal_control_problem,2358,18218,946,False,False,False,0.01150960000086343,False,False,0.014198699995176867,False,False,0.02328529999795137,True,True,0.027604399998381268,True,True,0.02112259999557864,True,True,0.02038150000589667,True,True,0.01669009999750415,False,False,0.02990449999924749
spaceStation_8,optimal_control_problem,1157,18945,510,False,False,False,0.01397509999515023,False,False,0.009819300001254305,False,False,0.011033499999030028,True,True,0.009093299995583948,True,True,0.009080600000743289,False,False,0.007029499996860977,True,True,0.02633090000017546,False,False,0.04026220000378089
spaceStation_11,optimal_control_problem,1364,18954,600,False,False,False,0.016156999998202082,False,False,0.012435999997251201,False,False,0.014399299994693138,True,True,0.010449600005813409,True,True,0.008718500001123175,False,False,0.007522099993366282,True,True,0.014414500001294073,False,False,0.08167020000109915
spaceStation_9,optimal_control_problem,1180,19674,520,False,False,False,0.012387399998260662,False,False,0.00827910000225529,False,False,0.008868299999448936,True,True,0.01655380000011064,True,True,0.009524799999780953,False,False,0.007619700001669116,True,True,0.01908289999846602,False,False,0.04331899999669986
spaceStation_12,optimal_control_problem,1410,19728,620,False,False,False,0.013262399996165186,False,False,0.011103400000138208,False,False,0.010308699995221104,True,True,0.016606699995463714,True,True,0.010423599997011479,False,False,0.011242799999308772,True,True,0.01708610000059707,False,False,0.054810199995699804
bcsstm13,computational_fluid_dynamics_problem,2003,21943,762,False,False,False,0.008796800000709482,False,False,0.010385499997937586,False,False,0.011038099997676909,False,False,0.012614599996595643,False,False,0.016144100001838524,False,False,0.015691900000092573,False,False,0.008796300004178192,False,False,0.008032599995203782
kineticBatchReactor_1,optimal_control_problem,2052,20600,980,False,False,False,0.009016799995151814,False,False,0.009845100001257379,False,False,0.008114100004604552,False,False,0.017730400002619717,True,True,0.02344730000186246,False,False,0.007352999993599951,False,False,0.03963149999617599,False,False,0.007038600000669248
adder_dcop_02,circuit_simulation_problem,1813,11246,12,False,False,False,0.0024618000024929643,False,False,0.003955599997425452,False,False,0.002692199996090494,False,False,0.0027531999949133024,True,True,0.0029775000002700835,False,False,0.005167600000277162,False,False,0.007135899999411777,False,False,0.0055283000037889
adder_dcop_07,circuit_simulation_problem,1813,11226,12,False,False,False,0.004102099999727216,False,False,0.004521100003330503,False,False,0.002795100001094397,True,True,0.004839599998376798,True,True,0.002650299997185357,False,False,0.002711000000999775,True,True,0.0033202999984496273,False,False,0.0022184999979799613
spaceStation_13,optimal_control_problem,1617,23649,709,False,False,False,0.014919499997631647,False,False,0.013501800000085495,False,False,0.010906399998930283,False,False,0.019273800004157238,True,True,0.020887700004095677,False,False,0.016559600000618957,True,True,0.041539199999533594,False,False,0.0984868999948958
spaceStation_14,optimal_control_problem,1640,24324,720,False,False,False,0.023793500004103407,False,False,0.009067300001333933,False,False,0.008434999996097758,False,False,0.012260700001206715,True,True,0.012469399996916763,False,False,0.01701080000202637,True,True,0.03262670000549406,False,False,0.06620049999764888
eurqsa,economic_problem,7245,46142,2121,False,False,False,0.16632419999950798,False,False,0.1597336999984691,False,False,0.2760591000042041,False,False,0.2461198999953922,False,False,0.4469394000043394,False,False,0.12222519999340875,False,False,0.5770238999975845,False,False,0.5662073999992572
bayer09,chemical_process_simulation_problem,3083,21216,3079,False,False,False,0.010411600000225008,False,False,0.011488000003737397,False,False,0.017012999996950384,True,True,0.011398499998904299,True,True,0.010416700002679136,False,False,0.009562100000039209,False,False,0.10838230000081239,False,False,0.007648300001164898
g7jac010,economic_problem,2880,19635,124,False,False,False,0.028412899999239016,False,False,0.0230403000023216,False,False,0.023088199995981995,False,False,0.03426480000052834,True,True,0.03027450000081444,False,False,0.019025100002181716,False,False,0.014943800000764895,False,False,0.00508819999959087
hydr1,chemical_process_simulation_problem,5308,23752,5306,False,False,False,0.013745899996138178,False,False,0.012740000005578622,False,False,0.012856099994678516,True,True,0.01325619999988703,True,True,0.009138399997027591,False,False,0.006881400004203897,True,True,0.25139649999618996,False,False,0.014939100001356564
reorientation_3,optimal_control_problem,2513,32166,1037,False,False,False,0.012409000002662651,False,False,0.01573820000339765,False,False,0.01803460000519408,True,True,0.030676900001708418,True,True,0.02980329999991227,False,False,0.012458999997761566,False,False,0.04641879999689991,False,False,0.12917979999474483
hydr1c,chemical_process_simulation_problem,5308,23752,5306,False,False,False,0.015908699999272358,False,False,0.008847799996146932,False,False,0.016373899998143315,True,True,0.011763700000301469,True,True,0.014549300001817755,False,False,0.024711499994737096,True,True,0.24158370000077412,False,False,0.007002900005318224
lns_3937,computational_fluid_dynamics_problem,3937,25407,734,False,False,False,0.022005199993145652,False,False,0.017403999998350628,False,False,0.012105599998903926,False,False,0.018756500001472887,True,True,0.027027699994505383,False,False,0.01608269999996992,False,False,0.10247570000501582,False,False,0.36025140000128886
lnsp3937,computational_fluid_dynamics_problem,3937,25407,734,False,False,False,0.016337100001692306,False,False,0.013713299995288253,False,False,0.013433899999654386,False,False,0.028219799998623785,True,True,0.028185600000142585,False,False,0.017218500004673842,False,False,0.07750110000051791,False,False,0.010533499997109175
freeFlyingRobot_10,optimal_control_problem,5218,40080,2090,False,False,False,0.022811700000602286,False,False,0.01854950000415556,False,False,0.01712059999408666,True,True,0.03125039999576984,True,True,0.014438999998674262,True,True,0.019574300000385847,True,True,0.03495410000323318,False,False,0.17403709999780403
freeFlyingRobot_11,optimal_control_problem,5438,40054,2178,False,False,False,0.028701100003672764,False,False,0.018433099998219404,False,False,0.017774399995687418,True,True,0.01646679999976186,True,True,0.011140800001157913,True,True,0.013310700000147335,True,True,0.05654940000385977,False,False,0.18420070000138367
bayer05,chemical_process_simulation_problem,3268,27836,3267,False,False,False,0.007782999993651174,False,False,0.007076899993990082,False,False,0.006980900005146395,False,False,0.008180899996659718,True,True,0.011515600002894644,False,False,0.00846109999838518,False,False,0.11899870000343071,False,False,0.009833500000240747
bayer07,chemical_process_simulation_problem,3268,27836,3267,False,False,False,0.011063099998864345,False,False,0.009104099997784942,False,False,0.006847700002253987,False,False,0.008739800003240816,True,True,0.01252109999768436,False,False,0.009264899999834597,False,False,0.14948980000190204,False,False,0.009764000002178364
freeFlyingRobot_14,optimal_control_problem,5958,43298,2386,False,False,False,0.018110899996827357,False,False,0.01374989999749232,False,False,0.010221700002148282,True,True,0.012432000003173016,True,True,0.016652699996484444,False,False,0.019587399998272303,True,True,0.061124599997128826,False,False,0.21410470000409987
freeFlyingRobot_15,optimal_control_problem,6038,43378,2418,False,False,False,0.0250949999972363,False,False,0.013197899999795482,False,False,0.010492399997019675,True,True,0.014118999999482185,True,True,0.012093000004824717,False,False,0.013077600000542589,True,True,0.06679209999856539,False,False,0.16902269999991404
freeFlyingRobot_13,optimal_control_problem,5718,43994,2290,False,False,False,0.018322199997783173,False,False,0.01859369999874616,False,False,0.011693799999193288,True,True,0.024265799998829607,True,True,0.0231255999970017,False,False,0.025587399999494664,True,True,0.04627009999967413,False,False,0.15985989999899175
jan99jac020,economic_problem,6774,38692,20,False,False,False,0.0450429000047734,False,False,0.030493000005662907,False,False,0.025399900005140807,False,False,0.04756549999729032,True,True,0.05299920000106795,False,False,0.030716100001882296,False,False,0.05028860000311397,False,False,0.07614160000230186
bayer08,chemical_process_simulation_problem,3008,27576,3007,False,False,False,0.00810279999859631,False,False,0.007041900003969204,False,False,0.011829499999294057,False,False,0.009468900003412273,True,True,0.022011200002452824,False,False,0.00989790000312496,False,False,0.16538219999347348,False,False,0.006200299998454284
kineticBatchReactor_2,optimal_control_problem,4361,44840,2083,False,False,False,0.033946700001251884,False,False,0.03197899999941001,False,False,0.02842870000313269,False,False,0.05573170000570826,True,True,0.11130189999676077,False,False,0.029390900002908893,False,False,0.5659888999944087,False,False,0.1622787000014796
bayer06,chemical_process_simulation_problem,3008,27576,3007,False,False,False,0.009010900001158006,False,False,0.012311800004681572,False,False,0.013661000004503876,False,False,0.01861759999883361,True,True,0.022434799997427035,False,False,0.013965099999040831,False,False,0.1502385999992839,False,False,0.011621800003922544
fd12,materials_problem,7500,28462,7500,False,False,False,0.02498050000576768,False,False,0.027893899998161942,False,False,0.034742700001515914,True,True,0.031021799994050525,True,True,0.04714939999394119,False,False,0.0385863999981666,False,False,0.7984476999990875,False,False,0.12418050000269432
kineticBatchReactor_3,optimal_control_problem,5082,53219,2427,False,False,False,0.04258270000718767,False,False,0.033844600002339575,False,False,0.04478939999535214,False,False,0.0667844999989029,True,True,0.20213679999869782,False,False,0.04978639999899315,False,False,0.7244438999987324,False,False,1.1448505999942427
rajat13,circuit_simulation_problem,7598,48922,6,False,False,False,0.01107429999683518,False,False,0.013177499997254927,False,False,0.007547799999883864,True,True,0.008653700002469122,True,True,0.01962709999497747,False,False,0.010687300004065037,True,True,0.03934780000417959,False,False,3.777454700000817
ex14,computational_fluid_dynamics_problem,3251,66775,900,False,False,False,0.06493120000232011,False,False,0.06711019999784185,False,False,0.06459090000134893,True,True,0.07175600000482518,True,True,0.05429310000181431,False,False,0.05229909999616211,True,True,0.6901108000020031,False,False,0.04519550000259187
bips98_1142,eigenvalue_model_reduction_problem,9735,40983,281,False,False,False,0.018734699995548,False,False,0.010837900001206435,False,False,0.019560499997169245,True,True,0.019688599997607525,True,True,0.0123297999962233,False,False,0.018019600000116043,True,True,0.016726800000469666,False,False,0.018771900002320763
g7jac020sc,economic_problem,5850,45465,141,False,False,False,0.08102339999459218,False,False,0.1537285000013071,False,False,0.14436340000247583,True,True,0.14877510000223992,True,True,0.17473389999940991,False,False,0.14908640000066953,True,True,0.18690329999662936,False,False,0.24069959999906132
g7jac020,economic_problem,5850,45465,254,False,False,False,0.07438679999904707,False,False,0.07665699999779463,False,False,0.04660660000081407,False,False,0.09920109999802662,True,True,0.10828770000080112,False,False,0.08039519999874756,False,False,0.11436520000279415,False,False,0.014864500000840053
kineticBatchReactor_4,optimal_control_problem,7105,74869,3394,False,False,False,0.07320360000449,False,False,0.036631800001487136,False,False,0.03747840000141878,False,False,0.135294799998519,True,True,0.20515429999795742,False,False,0.07336519999807933,False,False,2.01294919999782,False,False,0.7069080000001122
bayer03,chemical_process_simulation_problem,6747,56196,6742,False,False,False,0.01449010000214912,False,False,0.016020299997762777,False,False,0.012278599999262951,True,True,0.014257199996791314,True,True,0.015860899999097455,False,False,0.01634829999966314,False,False,0.6214337000055821,False,False,0.00618650000251364
TS,counter_example_problem,2142,45262,1960,False,False,False,0.027063100002123974,False,False,0.02006239999900572,False,False,0.014946099996450357,False,False,0.014245500002289191,False,False,0.015984400000888854,False,False,0.014361699999426492,False,False,0.01738630000181729,False,False,0.005080900002212729
kineticBatchReactor_5,optimal_control_problem,7641,80767,3650,False,False,False,0.14176079999742797,False,False,0.07886249999864958,False,False,0.07467370000085793,False,False,0.12298789999476867,True,True,0.2963690000033239,False,False,0.0897772000025725,False,False,1.4665843000038876,False,False,0.7426398999959929
kineticBatchReactor_6,optimal_control_problem,7773,82500,3713,False,False,False,0.1548287000041455,False,False,0.04003210000519175,False,False,0.041371400002390146,True,True,0.14171450000139885,True,True,0.1494728000034229,False,False,0.10967360000358894,False,False,1.7597957999969367,False,False,2.2159376999989036
mark3jac020,economic_problem,9129,56175,60,False,False,False,0.15155419999791775,False,False,0.12319450000359211,False,False,0.10061280000081751,True,True,0.4303098999953363,True,True,0.6384870000038063,False,False,0.2072898000042187,False,False,0.766090199998871,False,False,0.21392719999857945
kineticBatchReactor_7,optimal_control_problem,7968,84508,3806,False,False,False,0.11012320000008913,False,False,0.11065940000116825,False,False,0.08520029999635881,False,False,0.1700522000028286,True,True,0.4879605999958585,False,False,0.12045450000005076,False,False,2.2885200000018813,False,False,1.6183282999991206
kineticBatchReactor_8,optimal_control_problem,8052,85194,3846,False,False,False,0.14360670000314713,False,False,0.038306200003717095,False,False,0.03971480000473093,False,False,0.18568330000562128,True,True,0.23810690000391332,False,False,0.08078560000285506,False,False,2.2199483000003966,False,False,1.050371900004393
kineticBatchReactor_9,optimal_control_problem,8115,86183,3876,False,False,False,0.16320809999888297,False,False,0.12182419999589911,False,False,0.14149059999908786,False,False,0.26763020000362303,True,True,0.47181560000171885,False,False,0.12754960000165738,False,False,2.279288700003235,False,False,2.984006300001056
meg1,circuit_simulation_problem,2904,58142,2877,False,False,False,0.03615430000354536,False,False,0.019696799994562753,False,False,0.011971499996434432,True,True,0.02599750000081258,True,True,0.05776559999503661,False,False,0.026330699998652562,False,False,0.3696094999977504,False,False,0.029489400003512856
lhr04,chemical_process_simulation_problem,4101,82682,4011,False,False,False,0.03135630000178935,False,False,0.02021740000054706,False,False,0.018485999993572477,False,False,0.02493269999831682,True,True,0.02334319999499712,False,False,0.033060699999623466,False,False,0.6835276999991038,False,False,0.36457440000231145
lhr04c,chemical_process_simulation_problem,4101,82682,4011,False,False,False,0.018404000002192333,False,False,0.01421229999687057,False,False,0.01427930000500055,True,True,0.020274000002245884,True,True,0.03566090000094846,False,False,0.026620500000717584,False,False,0.728999400002067,False,False,0.4313163999977405
mnist_test_norm_10NN,undirected_weighted_graph,10000,145600,10000,False,False,False,1.5543804000044474,False,False,1.8400504000019282,False,False,2.4246325000058278,False,False,2.396180199997616,True,True,4.304757199999585,True,True,1.5577842999991844,True,True,12.502218500005256,False,False,12.098590599998715
kmnist_norm_10NN,undirected_weighted_graph,10000,156932,10000,False,False,False,1.9198596999995061,False,False,2.0408444999993662,False,False,2.870581900002435,False,False,2.772649899998214,True,True,5.807083699997747,True,True,2.1548349000004237,True,True,12.823487300003762,True,True,9.830379999999423
Fashion_MNIST_norm_10NN,undirected_weighted_graph,10000,158304,10000,False,False,False,0.38852849999966566,False,False,0.461676200000511,False,False,0.6796209000021918,False,False,0.6890762000039103,True,True,1.4180086999986088,False,False,0.5013770000005024,True,True,7.555121400000644,True,True,9.193456699998933
lhr07,chemical_process_simulation_problem,7337,156508,7210,False,False,False,0.04224930000054883,False,False,0.03279839999595424,False,False,0.03340030000254046,False,False,0.06267659999866737,True,True,0.06689290000213077,False,False,0.05287079999834532,False,False,1.8451773999986472,False,False,1.9611900000018068
lhr07c,chemical_process_simulation_problem,7337,156508,7209,False,False,False,0.04636309999477817,False,False,0.0248453000021982,False,False,0.044996399999945424,True,True,0.05970369999704417,True,True,0.06650569999328582,False,False,0.03863629999978002,False,False,1.9761061999961385,False,False,1.859231299997191
windtunnel_evap2d,computational_fluid_dynamics_problem,8256,233468,1024,False,False,False,0.22388560000399593,False,False,0.22800960000313353,False,False,0.24158819999865955,True,True,0.23683279999386286,True,True,0.2902419000020018,True,True,0.30309809999744175,True,False,4.535821400000714,True,True,1.5514663999929326
sinc12,materials_problem,7500,294986,7500,False,False,False,0.5813057999985176,False,False,0.9582124000007752,False,False,2.6115073999972083,False,False,3.056822700003977,True,True,6.74591920000239,False,False,1.7729048999972292,False,False,19.00115199999709,False,False,3.065978399994492
graham1,computational_fluid_dynamics_problem,9035,335504,2070,False,False,False,0.47433730000193464,False,False,0.5669186000013724,False,False,0.5458547000016551,True,True,0.6381884000002174,True,True,0.6968093999967095,False,False,0.5975325999970664,False,False,10.516003400000045,False,False,2.8887594000043464
