matrix,method,best,mc64,none
1138_bus,Gauss-Seidel,False,False,False
1138_bus,Jacobi,False,False,False
1138_bus,SOR,False,False,False
494_bus,Gauss-Seidel,False,False,False
494_bus,Jacobi,False,False,False
494_bus,SOR,False,False,False
662_bus,Gauss-Seidel,False,False,False
662_bus,Jacobi,False,False,False
662_bus,SOR,False,False,False
685_bus,Gauss-Seidel,False,False,False
685_bus,Jacobi,False,False,False
685_bus,SOR,False,False,False
ACTIVSg2000,Gauss-Seidel,False,False,False
ACTIVSg2000,Jacobi,False,False,False
ACTIVSg2000,SOR,False,False,False
Binaryalphadigs_10NN,Gauss-Seidel,False,False,False
Binaryalphadigs_10NN,Jacobi,False,False,False
Binaryalphadigs_10NN,SOR,False,False,False
Chebyshev1,Gauss-Seidel,True,True,False
Chebyshev1,Jacobi,False,False,False
Chebyshev1,SOR,False,False,False
Chebyshev2,Gauss-Seidel,False,True,False
Chebyshev2,Jacobi,False,False,False
Chebyshev2,SOR,False,False,False
Chebyshev3,Gauss-Seidel,True,True,False
Chebyshev3,Jacobi,False,False,False
Chebyshev3,SOR,False,False,False
Chem97ZtZ,Gauss-Seidel,True,True,True
Chem97ZtZ,Jacobi,True,True,True
Chem97ZtZ,SOR,True,True,True
DK01R,Gauss-Seidel,False,False,False
DK01R,Jacobi,False,False,False
DK01R,SOR,False,False,False
Ecoli_10NN,Gauss-Seidel,False,False,False
Ecoli_10NN,Jacobi,False,False,False
Ecoli_10NN,SOR,False,False,False
Fashion_MNIST_norm_10NN,Gauss-Seidel,False,False,False
Fashion_MNIST_norm_10NN,Jacobi,False,False,False
Fashion_MNIST_norm_10NN,SOR,False,False,False
GT01R,Gauss-Seidel,False,False,False
GT01R,Jacobi,False,False,False
GT01R,SOR,False,False,False
Glass_10NN,Gauss-Seidel,False,False,False
Glass_10NN,Jacobi,False,False,False
Glass_10NN,SOR,False,False,False
Goodwin_010,Gauss-Seidel,False,False,False
Goodwin_010,Jacobi,False,False,False
Goodwin_010,SOR,False,False,False
Goodwin_013,Gauss-Seidel,False,False,False
Goodwin_013,Jacobi,False,False,False
Goodwin_013,SOR,False,False,False
Goodwin_017,Gauss-Seidel,False,False,False
Goodwin_017,Jacobi,False,False,False
Goodwin_017,SOR,False,False,False
Goodwin_023,Gauss-Seidel,False,False,False
Goodwin_023,Jacobi,False,False,False
Goodwin_023,SOR,False,False,False
Hamrle1,Gauss-Seidel,False,False,False
Hamrle1,Jacobi,False,False,False
Hamrle1,SOR,False,False,False
Hamrle2,Gauss-Seidel,False,False,False
Hamrle2,Jacobi,False,False,False
Hamrle2,SOR,False,False,False
JapaneseVowelsSmall_10NN,Gauss-Seidel,False,False,False
JapaneseVowelsSmall_10NN,Jacobi,False,False,False
JapaneseVowelsSmall_10NN,SOR,False,False,False
Kaufhold,Gauss-Seidel,True,True,False
Kaufhold,Jacobi,True,True,False
Kaufhold,SOR,False,False,False
Kuu,Gauss-Seidel,False,False,False
Kuu,Jacobi,False,False,False
Kuu,SOR,False,False,False
LF10,Gauss-Seidel,False,False,False
LF10,Jacobi,False,False,False
LF10,SOR,True,True,True
LFAT5,Gauss-Seidel,True,True,True
LFAT5,Jacobi,True,True,True
LFAT5,SOR,True,True,True
LeGresley_2508,Gauss-Seidel,False,False,False
LeGresley_2508,Jacobi,False,False,False
LeGresley_2508,SOR,False,False,False
LeGresley_4908,Gauss-Seidel,False,False,False
LeGresley_4908,Jacobi,False,False,False
LeGresley_4908,SOR,False,False,False
M10PI_n,Gauss-Seidel,False,False,False
M10PI_n,Jacobi,False,False,False
M10PI_n,SOR,False,False,False
M20PI_n,Gauss-Seidel,False,False,False
M20PI_n,Jacobi,False,False,False
M20PI_n,SOR,False,False,False
M40PI_n,Gauss-Seidel,False,False,False
M40PI_n,Jacobi,False,False,False
M40PI_n,SOR,False,False,False
M80PI_n,Gauss-Seidel,False,False,False
M80PI_n,Jacobi,False,False,False
M80PI_n,SOR,False,False,False
MISKnowledgeMap,Gauss-Seidel,False,False,False
MISKnowledgeMap,Jacobi,False,False,False
MISKnowledgeMap,SOR,False,False,False
Muu,Gauss-Seidel,True,True,True
Muu,Jacobi,True,True,True
Muu,SOR,True,True,True
Na5,Gauss-Seidel,False,False,False
Na5,Jacobi,False,False,False
Na5,SOR,False,False,False
Olivetti_norm_10NN,Gauss-Seidel,False,False,False
Olivetti_norm_10NN,Jacobi,False,False,False
Olivetti_norm_10NN,SOR,False,False,False
Pd,Gauss-Seidel,True,True,True
Pd,Jacobi,True,True,True
Pd,SOR,False,False,False
Plants_10NN,Gauss-Seidel,False,False,False
Plants_10NN,Jacobi,False,False,False
Plants_10NN,SOR,False,False,False
S10PI_n,Gauss-Seidel,False,False,False
S10PI_n,Jacobi,False,False,False
S10PI_n,SOR,False,False,False
S20PI_n,Gauss-Seidel,False,False,False
S20PI_n,Jacobi,False,False,False
S20PI_n,SOR,False,False,False
S40PI_n,Gauss-Seidel,False,False,False
S40PI_n,Jacobi,False,False,False
S40PI_n,SOR,False,False,False
S80PI_n,Gauss-Seidel,False,False,False
S80PI_n,Jacobi,False,False,False
S80PI_n,SOR,False,False,False
Si2,Gauss-Seidel,False,False,False
Si2,Jacobi,False,False,False
Si2,SOR,False,False,False
SiH4,Gauss-Seidel,False,False,False
SiH4,Jacobi,False,False,False
SiH4,SOR,False,False,False
SiNa,Gauss-Seidel,False,False,False
SiNa,Jacobi,False,False,False
SiNa,SOR,False,False,False
Sieber,Gauss-Seidel,False,False,False
Sieber,Jacobi,False,False,False
Sieber,SOR,False,False,False
Spectro_10NN,Gauss-Seidel,False,False,False
Spectro_10NN,Jacobi,False,False,False
Spectro_10NN,SOR,False,False,False
TS,Gauss-Seidel,False,False,False
TS,Jacobi,False,False,False
TS,SOR,False,False,False
TSC_OPF_1047,Gauss-Seidel,False,False,False
TSC_OPF_1047,Jacobi,False,False,False
TSC_OPF_1047,SOR,False,False,False
TSC_OPF_300,Gauss-Seidel,False,False,False
TSC_OPF_300,Jacobi,False,False,False
TSC_OPF_300,SOR,False,False,False
TSOPF_FS_b9_c1,Gauss-Seidel,False,False,False
TSOPF_FS_b9_c1,Jacobi,False,False,False
TSOPF_FS_b9_c1,SOR,False,False,False
TSOPF_RS_b162_c1,Gauss-Seidel,False,False,False
TSOPF_RS_b162_c1,Jacobi,False,False,False
TSOPF_RS_b162_c1,SOR,False,False,False
TSOPF_RS_b9_c6,Gauss-Seidel,False,False,False
TSOPF_RS_b9_c6,Jacobi,False,False,False
TSOPF_RS_b9_c6,SOR,False,False,False
USAir97,Gauss-Seidel,False,False,False
USAir97,Jacobi,False,False,False
USAir97,SOR,False,False,False
Vehicle_10NN,Gauss-Seidel,False,False,False
Vehicle_10NN,Jacobi,False,False,False
Vehicle_10NN,SOR,False,False,False
YaleA_10NN,Gauss-Seidel,False,False,False
YaleA_10NN,Jacobi,False,False,False
YaleA_10NN,SOR,False,False,False
YaleB_10NN,Gauss-Seidel,False,False,False
YaleB_10NN,Jacobi,False,False,False
YaleB_10NN,SOR,False,False,False
add20,Gauss-Seidel,False,False,False
add20,Jacobi,False,False,False
add20,SOR,True,True,True
add32,Gauss-Seidel,True,True,True
add32,Jacobi,True,True,True
add32,SOR,True,True,True
adder_dcop_01,Gauss-Seidel,False,False,False
adder_dcop_01,Jacobi,False,False,False
adder_dcop_01,SOR,False,False,False
adder_dcop_02,Gauss-Seidel,False,False,False
adder_dcop_02,Jacobi,False,False,False
adder_dcop_02,SOR,False,False,False
adder_dcop_03,Gauss-Seidel,False,False,False
adder_dcop_03,Jacobi,False,False,False
adder_dcop_03,SOR,False,False,False
adder_dcop_04,Gauss-Seidel,False,False,False
adder_dcop_04,Jacobi,False,False,False
adder_dcop_04,SOR,False,False,False
adder_dcop_05,Gauss-Seidel,False,False,False
adder_dcop_05,Jacobi,False,False,False
adder_dcop_05,SOR,False,False,False
adder_dcop_06,Gauss-Seidel,False,False,False
adder_dcop_06,Jacobi,False,False,False
adder_dcop_06,SOR,False,False,False
adder_dcop_07,Gauss-Seidel,True,True,False
adder_dcop_07,Jacobi,False,False,False
adder_dcop_07,SOR,True,True,False
adder_dcop_08,Gauss-Seidel,False,False,False
adder_dcop_08,Jacobi,False,False,False
adder_dcop_08,SOR,False,False,False
adder_dcop_09,Gauss-Seidel,False,False,False
adder_dcop_09,Jacobi,False,False,False
adder_dcop_09,SOR,False,False,False
adder_dcop_10,Gauss-Seidel,True,True,False
adder_dcop_10,Jacobi,False,False,False
adder_dcop_10,SOR,True,True,False
adder_dcop_11,Gauss-Seidel,True,True,False
adder_dcop_11,Jacobi,False,False,False
adder_dcop_11,SOR,True,True,False
adder_dcop_12,Gauss-Seidel,True,True,False
adder_dcop_12,Jacobi,False,False,False
adder_dcop_12,SOR,True,True,False
adder_dcop_13,Gauss-Seidel,True,True,False
adder_dcop_13,Jacobi,False,False,False
adder_dcop_13,SOR,False,False,False
adder_dcop_14,Gauss-Seidel,True,True,False
adder_dcop_14,Jacobi,False,False,False
adder_dcop_14,SOR,True,True,False
adder_dcop_15,Gauss-Seidel,True,True,False
adder_dcop_15,Jacobi,False,False,False
adder_dcop_15,SOR,True,True,False
adder_dcop_16,Gauss-Seidel,False,False,False
adder_dcop_16,Jacobi,False,False,False
adder_dcop_16,SOR,False,False,False
adder_dcop_17,Gauss-Seidel,False,False,False
adder_dcop_17,Jacobi,False,False,False
adder_dcop_17,SOR,False,False,False
adder_dcop_18,Gauss-Seidel,False,False,False
adder_dcop_18,Jacobi,False,False,False
adder_dcop_18,SOR,False,False,False
adder_dcop_19,Gauss-Seidel,False,False,False
adder_dcop_19,Jacobi,False,False,False
adder_dcop_19,SOR,False,False,False
adder_dcop_20,Gauss-Seidel,False,False,False
adder_dcop_20,Jacobi,False,False,False
adder_dcop_20,SOR,False,False,False
adder_dcop_21,Gauss-Seidel,False,False,False
adder_dcop_21,Jacobi,False,False,False
adder_dcop_21,SOR,False,False,False
adder_dcop_22,Gauss-Seidel,False,False,False
adder_dcop_22,Jacobi,False,False,False
adder_dcop_22,SOR,False,False,False
adder_dcop_23,Gauss-Seidel,False,False,False
adder_dcop_23,Jacobi,False,False,False
adder_dcop_23,SOR,False,False,False
adder_dcop_24,Gauss-Seidel,False,False,False
adder_dcop_24,Jacobi,False,False,False
adder_dcop_24,SOR,False,False,False
adder_dcop_25,Gauss-Seidel,False,False,False
adder_dcop_25,Jacobi,False,False,False
adder_dcop_25,SOR,False,False,False
adder_dcop_26,Gauss-Seidel,False,False,False
adder_dcop_26,Jacobi,False,False,False
adder_dcop_26,SOR,False,False,False
adder_dcop_27,Gauss-Seidel,False,False,False
adder_dcop_27,Jacobi,False,False,False
adder_dcop_27,SOR,False,False,False
adder_dcop_28,Gauss-Seidel,False,False,False
adder_dcop_28,Jacobi,False,False,False
adder_dcop_28,SOR,False,False,False
adder_dcop_29,Gauss-Seidel,False,False,False
adder_dcop_29,Jacobi,False,False,False
adder_dcop_29,SOR,False,False,False
adder_dcop_30,Gauss-Seidel,False,False,False
adder_dcop_30,Jacobi,False,False,False
adder_dcop_30,SOR,False,False,False
adder_dcop_31,Gauss-Seidel,False,False,False
adder_dcop_31,Jacobi,False,False,False
adder_dcop_31,SOR,False,False,False
adder_dcop_32,Gauss-Seidel,True,True,False
adder_dcop_32,Jacobi,False,False,False
adder_dcop_32,SOR,True,True,False
adder_dcop_33,Gauss-Seidel,True,True,False
adder_dcop_33,Jacobi,True,True,False
adder_dcop_33,SOR,True,True,False
adder_dcop_34,Gauss-Seidel,True,True,False
adder_dcop_34,Jacobi,True,True,False
adder_dcop_34,SOR,True,True,False
adder_dcop_35,Gauss-Seidel,True,True,False
adder_dcop_35,Jacobi,True,True,False
adder_dcop_35,SOR,True,True,False
adder_dcop_36,Gauss-Seidel,True,True,False
adder_dcop_36,Jacobi,False,False,False
adder_dcop_36,SOR,True,True,False
adder_dcop_37,Gauss-Seidel,True,True,False
adder_dcop_37,Jacobi,True,True,False
adder_dcop_37,SOR,True,True,False
adder_dcop_38,Gauss-Seidel,True,True,False
adder_dcop_38,Jacobi,True,True,False
adder_dcop_38,SOR,True,True,False
adder_dcop_39,Gauss-Seidel,False,False,False
adder_dcop_39,Jacobi,False,False,False
adder_dcop_39,SOR,False,False,False
adder_dcop_40,Gauss-Seidel,True,True,False
adder_dcop_40,Jacobi,True,True,False
adder_dcop_40,SOR,True,True,False
adder_dcop_41,Gauss-Seidel,True,True,False
adder_dcop_41,Jacobi,True,True,False
adder_dcop_41,SOR,True,True,False
adder_dcop_42,Gauss-Seidel,True,True,False
adder_dcop_42,Jacobi,False,False,False
adder_dcop_42,SOR,True,True,False
adder_dcop_43,Gauss-Seidel,True,True,False
adder_dcop_43,Jacobi,False,False,False
adder_dcop_43,SOR,True,True,False
adder_dcop_44,Gauss-Seidel,False,False,False
adder_dcop_44,Jacobi,False,False,False
adder_dcop_44,SOR,False,False,False
adder_dcop_45,Gauss-Seidel,False,False,False
adder_dcop_45,Jacobi,False,False,False
adder_dcop_45,SOR,False,False,False
adder_dcop_46,Gauss-Seidel,False,False,False
adder_dcop_46,Jacobi,False,False,False
adder_dcop_46,SOR,False,False,False
adder_dcop_47,Gauss-Seidel,True,True,False
adder_dcop_47,Jacobi,False,False,False
adder_dcop_47,SOR,False,False,False
adder_dcop_48,Gauss-Seidel,True,True,False
adder_dcop_48,Jacobi,False,False,False
adder_dcop_48,SOR,True,True,False
adder_dcop_49,Gauss-Seidel,True,True,False
adder_dcop_49,Jacobi,False,False,False
adder_dcop_49,SOR,False,False,False
adder_dcop_50,Gauss-Seidel,True,True,False
adder_dcop_50,Jacobi,False,False,False
adder_dcop_50,SOR,True,True,False
adder_dcop_51,Gauss-Seidel,True,True,False
adder_dcop_51,Jacobi,False,False,False
adder_dcop_51,SOR,True,True,False
adder_dcop_52,Gauss-Seidel,True,True,False
adder_dcop_52,Jacobi,False,False,False
adder_dcop_52,SOR,True,True,False
adder_dcop_53,Gauss-Seidel,True,True,False
adder_dcop_53,Jacobi,False,False,False
adder_dcop_53,SOR,True,True,False
adder_dcop_54,Gauss-Seidel,True,True,False
adder_dcop_54,Jacobi,False,False,False
adder_dcop_54,SOR,True,True,False
adder_dcop_55,Gauss-Seidel,True,True,False
adder_dcop_55,Jacobi,False,False,False
adder_dcop_55,SOR,True,True,False
adder_dcop_56,Gauss-Seidel,True,True,False
adder_dcop_56,Jacobi,False,False,False
adder_dcop_56,SOR,True,True,False
adder_dcop_57,Gauss-Seidel,True,True,False
adder_dcop_57,Jacobi,False,False,False
adder_dcop_57,SOR,True,True,False
adder_dcop_58,Gauss-Seidel,True,True,False
adder_dcop_58,Jacobi,False,False,False
adder_dcop_58,SOR,True,True,False
adder_dcop_59,Gauss-Seidel,True,True,False
adder_dcop_59,Jacobi,False,False,False
adder_dcop_59,SOR,True,True,False
adder_dcop_60,Gauss-Seidel,True,True,False
adder_dcop_60,Jacobi,True,True,False
adder_dcop_60,SOR,True,True,False
adder_dcop_61,Gauss-Seidel,True,True,False
adder_dcop_61,Jacobi,True,True,False
adder_dcop_61,SOR,True,True,False
adder_dcop_62,Gauss-Seidel,True,True,False
adder_dcop_62,Jacobi,True,True,False
adder_dcop_62,SOR,True,True,False
adder_dcop_63,Gauss-Seidel,True,True,False
adder_dcop_63,Jacobi,True,True,False
adder_dcop_63,SOR,True,True,False
adder_dcop_64,Gauss-Seidel,True,True,False
adder_dcop_64,Jacobi,True,True,False
adder_dcop_64,SOR,True,True,False
adder_dcop_65,Gauss-Seidel,True,True,False
adder_dcop_65,Jacobi,True,True,False
adder_dcop_65,SOR,True,True,False
adder_dcop_66,Gauss-Seidel,True,True,False
adder_dcop_66,Jacobi,True,True,False
adder_dcop_66,SOR,True,True,False
adder_dcop_67,Gauss-Seidel,True,True,False
adder_dcop_67,Jacobi,True,True,False
adder_dcop_67,SOR,True,True,False
adder_dcop_68,Gauss-Seidel,True,True,False
adder_dcop_68,Jacobi,True,True,False
adder_dcop_68,SOR,True,True,False
adder_dcop_69,Gauss-Seidel,True,True,False
adder_dcop_69,Jacobi,True,True,False
adder_dcop_69,SOR,True,True,False
adder_trans_01,Gauss-Seidel,True,True,False
adder_trans_01,Jacobi,True,True,False
adder_trans_01,SOR,True,True,False
adder_trans_02,Gauss-Seidel,True,True,False
adder_trans_02,Jacobi,True,True,False
adder_trans_02,SOR,True,True,False
aft01,Gauss-Seidel,True,True,True
aft01,Jacobi,True,True,True
aft01,SOR,True,True,True
arc130,Gauss-Seidel,True,True,True
arc130,Jacobi,True,True,True
arc130,SOR,True,True,True
b1_ss,Gauss-Seidel,True,True,False
b1_ss,Jacobi,True,True,False
b1_ss,SOR,False,False,False
b2_ss,Gauss-Seidel,False,False,False
b2_ss,Jacobi,False,False,False
b2_ss,SOR,False,False,False
b_dyn,Gauss-Seidel,False,False,False
b_dyn,Jacobi,False,False,False
b_dyn,SOR,False,False,False
bayer03,Gauss-Seidel,False,False,False
bayer03,Jacobi,False,False,False
bayer03,SOR,False,False,False
bayer05,Gauss-Seidel,True,True,False
bayer05,Jacobi,True,True,False
bayer05,SOR,False,False,False
bayer06,Gauss-Seidel,False,False,False
bayer06,Jacobi,False,False,False
bayer06,SOR,False,False,False
bayer07,Gauss-Seidel,True,True,False
bayer07,Jacobi,True,True,False
bayer07,SOR,False,False,False
bayer08,Gauss-Seidel,False,False,False
bayer08,Jacobi,False,False,False
bayer08,SOR,False,False,False
bayer09,Gauss-Seidel,False,False,False
bayer09,Jacobi,False,False,False
bayer09,SOR,False,False,False
bcsstk01,Gauss-Seidel,True,True,True
bcsstk01,Jacobi,False,False,False
bcsstk01,SOR,True,True,True
bcsstk02,Gauss-Seidel,True,True,True
bcsstk02,Jacobi,False,False,False
bcsstk02,SOR,True,True,True
bcsstk03,Gauss-Seidel,False,False,False
bcsstk03,Jacobi,False,False,False
bcsstk03,SOR,False,False,False
bcsstk04,Gauss-Seidel,True,True,True
bcsstk04,Jacobi,False,False,False
bcsstk04,SOR,True,True,True
bcsstk05,Gauss-Seidel,True,True,True
bcsstk05,Jacobi,False,False,False
bcsstk05,SOR,True,True,True
bcsstk06,Gauss-Seidel,False,False,False
bcsstk06,Jacobi,False,False,False
bcsstk06,SOR,False,False,False
bcsstk07,Gauss-Seidel,False,False,False
bcsstk07,Jacobi,False,False,False
bcsstk07,SOR,False,False,False
bcsstk08,Gauss-Seidel,True,True,True
bcsstk08,Jacobi,False,False,False
bcsstk08,SOR,True,True,True
bcsstk09,Gauss-Seidel,False,False,False
bcsstk09,Jacobi,False,False,False
bcsstk09,SOR,False,False,False
bcsstk10,Gauss-Seidel,False,False,False
bcsstk10,Jacobi,False,False,False
bcsstk10,SOR,False,False,False
bcsstk11,Gauss-Seidel,False,False,False
bcsstk11,Jacobi,False,False,False
bcsstk11,SOR,False,False,False
bcsstk12,Gauss-Seidel,False,False,False
bcsstk12,Jacobi,False,False,False
bcsstk12,SOR,False,False,False
bcsstk13,Gauss-Seidel,False,False,False
bcsstk13,Jacobi,False,False,False
bcsstk13,SOR,False,False,False
bcsstk14,Gauss-Seidel,True,True,True
bcsstk14,Jacobi,False,False,False
bcsstk14,SOR,True,True,True
bcsstk15,Gauss-Seidel,False,False,False
bcsstk15,Jacobi,False,False,False
bcsstk15,SOR,False,False,False
bcsstk16,Gauss-Seidel,True,True,True
bcsstk16,Jacobi,False,False,False
bcsstk16,SOR,True,True,True
bcsstk19,Gauss-Seidel,False,False,False
bcsstk19,Jacobi,False,False,False
bcsstk19,SOR,False,False,False
bcsstk20,Gauss-Seidel,False,False,False
bcsstk20,Jacobi,False,False,False
bcsstk20,SOR,False,False,False
bcsstk21,Gauss-Seidel,False,False,False
bcsstk21,Jacobi,False,False,False
bcsstk21,SOR,False,False,False
bcsstk22,Gauss-Seidel,True,True,True
bcsstk22,Jacobi,False,False,False
bcsstk22,SOR,True,True,True
bcsstk23,Gauss-Seidel,False,False,False
bcsstk23,Jacobi,False,False,False
bcsstk23,SOR,False,False,False
bcsstk24,Gauss-Seidel,False,False,False
bcsstk24,Jacobi,False,False,False
bcsstk24,SOR,False,False,False
bcsstk26,Gauss-Seidel,False,False,False
bcsstk26,Jacobi,False,False,False
bcsstk26,SOR,False,False,False
bcsstk27,Gauss-Seidel,True,True,True
bcsstk27,Jacobi,False,False,False
bcsstk27,SOR,True,True,True
bcsstk28,Gauss-Seidel,False,False,False
bcsstk28,Jacobi,False,False,False
bcsstk28,SOR,False,False,False
bcsstk34,Gauss-Seidel,True,True,True
bcsstk34,Jacobi,False,False,False
bcsstk34,SOR,True,True,True
bcsstk38,Gauss-Seidel,False,False,False
bcsstk38,Jacobi,False,False,False
bcsstk38,SOR,False,False,False
bcsstm02,Gauss-Seidel,True,True,True
bcsstm02,Jacobi,True,True,True
bcsstm02,SOR,True,True,True
bcsstm03,Gauss-Seidel,False,False,False
bcsstm03,Jacobi,False,False,False
bcsstm03,SOR,False,False,False
bcsstm04,Gauss-Seidel,False,False,False
bcsstm04,Jacobi,False,False,False
bcsstm04,SOR,False,False,False
bcsstm05,Gauss-Seidel,True,True,True
bcsstm05,Jacobi,True,True,True
bcsstm05,SOR,True,True,True
bcsstm06,Gauss-Seidel,True,True,True
bcsstm06,Jacobi,True,True,True
bcsstm06,SOR,True,True,True
bcsstm07,Gauss-Seidel,True,True,True
bcsstm07,Jacobi,False,False,False
bcsstm07,SOR,True,True,True
bcsstm08,Gauss-Seidel,True,True,True
bcsstm08,Jacobi,True,True,True
bcsstm08,SOR,True,True,True
bcsstm09,Gauss-Seidel,True,True,True
bcsstm09,Jacobi,True,True,True
bcsstm09,SOR,True,True,True
bcsstm10,Gauss-Seidel,False,False,False
bcsstm10,Jacobi,False,False,False
bcsstm10,SOR,False,False,False
bcsstm11,Gauss-Seidel,True,True,True
bcsstm11,Jacobi,True,True,True
bcsstm11,SOR,True,True,True
bcsstm12,Gauss-Seidel,True,True,True
bcsstm12,Jacobi,False,False,False
bcsstm12,SOR,True,True,True
bcsstm13,Gauss-Seidel,False,False,False
bcsstm13,Jacobi,False,False,False
bcsstm13,SOR,False,False,False
bcsstm19,Gauss-Seidel,True,True,True
bcsstm19,Jacobi,True,True,True
bcsstm19,SOR,True,True,True
bcsstm20,Gauss-Seidel,True,True,True
bcsstm20,Jacobi,True,True,True
bcsstm20,SOR,True,True,True
bcsstm21,Gauss-Seidel,True,True,True
bcsstm21,Jacobi,True,True,True
bcsstm21,SOR,True,True,True
bcsstm22,Gauss-Seidel,True,True,True
bcsstm22,Jacobi,True,True,True
bcsstm22,SOR,True,True,True
bcsstm23,Gauss-Seidel,True,True,True
bcsstm23,Jacobi,True,True,True
bcsstm23,SOR,True,True,True
bcsstm24,Gauss-Seidel,True,True,True
bcsstm24,Jacobi,True,True,True
bcsstm24,SOR,True,True,True
bcsstm26,Gauss-Seidel,True,True,True
bcsstm26,Jacobi,True,True,True
bcsstm26,SOR,True,True,True
bcsstm27,Gauss-Seidel,False,False,False
bcsstm27,Jacobi,False,False,False
bcsstm27,SOR,False,False,False
bcsstm34,Gauss-Seidel,False,False,False
bcsstm34,Jacobi,False,False,False
bcsstm34,SOR,False,False,False
benzene,Gauss-Seidel,False,False,False
benzene,Jacobi,False,False,False
benzene,SOR,False,False,False
bfwa398,Gauss-Seidel,False,False,False
bfwa398,Jacobi,False,False,False
bfwa398,SOR,False,False,False
bfwa62,Gauss-Seidel,False,False,False
bfwa62,Jacobi,False,False,False
bfwa62,SOR,False,False,False
bfwa782,Gauss-Seidel,False,False,False
bfwa782,Jacobi,False,False,False
bfwa782,SOR,False,False,False
bfwb398,Gauss-Seidel,True,True,True
bfwb398,Jacobi,False,False,False
bfwb398,SOR,True,True,True
bfwb62,Gauss-Seidel,True,True,True
bfwb62,Jacobi,False,False,False
bfwb62,SOR,True,True,True
bfwb782,Gauss-Seidel,True,True,True
bfwb782,Jacobi,False,False,False
bfwb782,SOR,True,True,True
bips98_1142,Gauss-Seidel,True,True,False
bips98_1142,Jacobi,True,True,False
bips98_1142,SOR,True,True,False
bips98_606,Gauss-Seidel,True,True,False
bips98_606,Jacobi,True,True,False
bips98_606,SOR,False,False,False
bp_0,Gauss-Seidel,True,True,False
bp_0,Jacobi,True,True,False
bp_0,SOR,True,True,False
bp_1000,Gauss-Seidel,False,False,False
bp_1000,Jacobi,False,False,False
bp_1000,SOR,False,False,False
bp_1200,Gauss-Seidel,False,False,False
bp_1200,Jacobi,False,False,False
bp_1200,SOR,False,False,False
bp_1400,Gauss-Seidel,False,False,False
bp_1400,Jacobi,False,False,False
bp_1400,SOR,False,False,False
bp_1600,Gauss-Seidel,False,False,False
bp_1600,Jacobi,False,False,False
bp_1600,SOR,False,False,False
bp_200,Gauss-Seidel,False,False,False
bp_200,Jacobi,False,False,False
bp_200,SOR,False,False,False
bp_400,Gauss-Seidel,False,False,False
bp_400,Jacobi,False,False,False
bp_400,SOR,False,False,False
bp_600,Gauss-Seidel,False,False,False
bp_600,Jacobi,False,False,False
bp_600,SOR,False,False,False
bp_800,Gauss-Seidel,False,False,False
bp_800,Jacobi,False,False,False
bp_800,SOR,False,False,False
breasttissue_10NN,Gauss-Seidel,False,False,False
breasttissue_10NN,Jacobi,False,False,False
breasttissue_10NN,SOR,False,False,False
bwm200,Gauss-Seidel,True,True,True
bwm200,Jacobi,True,True,True
bwm200,SOR,True,True,True
bwm2000,Gauss-Seidel,False,False,False
bwm2000,Jacobi,False,False,False
bwm2000,SOR,False,False,False
c-18,Gauss-Seidel,False,False,False
c-18,Jacobi,False,False,False
c-18,SOR,False,False,False
c-19,Gauss-Seidel,False,False,False
c-19,Jacobi,False,False,False
c-19,SOR,False,False,False
c-20,Gauss-Seidel,False,False,False
c-20,Jacobi,False,False,False
c-20,SOR,False,False,False
c-21,Gauss-Seidel,False,False,False
c-21,Jacobi,False,False,False
c-21,SOR,False,False,False
c-22,Gauss-Seidel,False,False,False
c-22,Jacobi,False,False,False
c-22,SOR,False,False,False
c-23,Gauss-Seidel,False,False,False
c-23,Jacobi,False,False,False
c-23,SOR,False,False,False
c-24,Gauss-Seidel,False,False,False
c-24,Jacobi,False,False,False
c-24,SOR,False,False,False
c-25,Gauss-Seidel,False,False,False
c-25,Jacobi,False,False,False
c-25,SOR,False,False,False
c-26,Gauss-Seidel,False,False,False
c-26,Jacobi,False,False,False
c-26,SOR,False,False,False
c-27,Gauss-Seidel,False,False,False
c-27,Jacobi,False,False,False
c-27,SOR,False,False,False
c-28,Gauss-Seidel,False,False,False
c-28,Jacobi,False,False,False
c-28,SOR,False,False,False
c-29,Gauss-Seidel,False,False,False
c-29,Jacobi,False,False,False
c-29,SOR,False,False,False
c-30,Gauss-Seidel,False,False,False
c-30,Jacobi,False,False,False
c-30,SOR,False,False,False
c-31,Gauss-Seidel,False,False,False
c-31,Jacobi,False,False,False
c-31,SOR,False,False,False
c-32,Gauss-Seidel,False,False,False
c-32,Jacobi,False,False,False
c-32,SOR,False,False,False
c-33,Gauss-Seidel,False,False,False
c-33,Jacobi,False,False,False
c-33,SOR,False,False,False
c-34,Gauss-Seidel,False,False,False
c-34,Jacobi,False,False,False
c-34,SOR,False,False,False
c-35,Gauss-Seidel,False,False,False
c-35,Jacobi,False,False,False
c-35,SOR,False,False,False
c-36,Gauss-Seidel,False,False,False
c-36,Jacobi,False,False,False
c-36,SOR,False,False,False
c-37,Gauss-Seidel,False,False,False
c-37,Jacobi,False,False,False
c-37,SOR,False,False,False
c-38,Gauss-Seidel,False,False,False
c-38,Jacobi,False,False,False
c-38,SOR,False,False,False
c-39,Gauss-Seidel,False,False,False
c-39,Jacobi,False,False,False
c-39,SOR,False,False,False
c-40,Gauss-Seidel,False,False,False
c-40,Jacobi,False,False,False
c-40,SOR,False,False,False
c-41,Gauss-Seidel,False,False,False
c-41,Jacobi,False,False,False
c-41,SOR,False,False,False
cage3,Gauss-Seidel,True,True,True
cage3,Jacobi,False,False,False
cage3,SOR,True,True,True
cage4,Gauss-Seidel,True,True,True
cage4,Jacobi,False,False,False
cage4,SOR,True,True,True
cage5,Gauss-Seidel,True,True,True
cage5,Jacobi,False,False,False
cage5,SOR,True,True,True
cage6,Gauss-Seidel,True,True,True
cage6,Jacobi,False,False,False
cage6,SOR,True,True,True
cage7,Gauss-Seidel,True,True,True
cage7,Jacobi,True,True,True
cage7,SOR,True,True,True
cage8,Gauss-Seidel,True,True,True
cage8,Jacobi,True,True,True
cage8,SOR,True,True,True
cage9,Gauss-Seidel,True,True,True
cage9,Jacobi,True,True,True
cage9,SOR,True,True,True
cavity01,Gauss-Seidel,False,False,False
cavity01,Jacobi,False,False,False
cavity01,SOR,False,False,False
cavity02,Gauss-Seidel,False,False,False
cavity02,Jacobi,False,False,False
cavity02,SOR,False,False,False
cavity03,Gauss-Seidel,False,False,False
cavity03,Jacobi,False,False,False
cavity03,SOR,False,False,False
cavity04,Gauss-Seidel,False,False,False
cavity04,Jacobi,False,False,False
cavity04,SOR,False,False,False
cavity05,Gauss-Seidel,False,False,False
cavity05,Jacobi,False,False,False
cavity05,SOR,False,False,False
cavity06,Gauss-Seidel,False,False,False
cavity06,Jacobi,False,False,False
cavity06,SOR,False,False,False
cavity07,Gauss-Seidel,False,False,False
cavity07,Jacobi,False,False,False
cavity07,SOR,False,False,False
cavity08,Gauss-Seidel,False,False,False
cavity08,Jacobi,False,False,False
cavity08,SOR,False,False,False
cavity09,Gauss-Seidel,False,False,False
cavity09,Jacobi,False,False,False
cavity09,SOR,False,False,False
cavity10,Gauss-Seidel,False,False,False
cavity10,Jacobi,False,False,False
cavity10,SOR,False,False,False
cavity11,Gauss-Seidel,False,False,False
cavity11,Jacobi,False,False,False
cavity11,SOR,False,False,False
cavity12,Gauss-Seidel,False,False,False
cavity12,Jacobi,False,False,False
cavity12,SOR,False,False,False
cavity13,Gauss-Seidel,False,False,False
cavity13,Jacobi,False,False,False
cavity13,SOR,False,False,False
cavity14,Gauss-Seidel,False,False,False
cavity14,Jacobi,False,False,False
cavity14,SOR,False,False,False
cavity15,Gauss-Seidel,False,False,False
cavity15,Jacobi,False,False,False
cavity15,SOR,False,False,False
cavity16,Gauss-Seidel,False,False,False
cavity16,Jacobi,False,False,False
cavity16,SOR,False,False,False
cavity17,Gauss-Seidel,False,False,False
cavity17,Jacobi,False,False,False
cavity17,SOR,False,False,False
cavity18,Gauss-Seidel,False,False,False
cavity18,Jacobi,False,False,False
cavity18,SOR,False,False,False
cavity19,Gauss-Seidel,False,False,False
cavity19,Jacobi,False,False,False
cavity19,SOR,False,False,False
cavity21,Gauss-Seidel,False,False,False
cavity21,Jacobi,False,False,False
cavity21,SOR,False,False,False
cavity22,Gauss-Seidel,False,False,False
cavity22,Jacobi,False,False,False
cavity22,SOR,False,False,False
cavity23,Gauss-Seidel,False,False,False
cavity23,Jacobi,False,False,False
cavity23,SOR,False,False,False
cavity24,Gauss-Seidel,False,False,False
cavity24,Jacobi,False,False,False
cavity24,SOR,False,False,False
cavity25,Gauss-Seidel,False,False,False
cavity25,Jacobi,False,False,False
cavity25,SOR,False,False,False
cavity26,Gauss-Seidel,False,False,False
cavity26,Jacobi,False,False,False
cavity26,SOR,False,False,False
cdde1,Gauss-Seidel,False,False,False
cdde1,Jacobi,False,False,False
cdde1,SOR,False,False,False
cdde2,Gauss-Seidel,True,True,True
cdde2,Jacobi,True,True,True
cdde2,SOR,False,False,False
cdde3,Gauss-Seidel,False,False,False
cdde3,Jacobi,False,False,False
cdde3,SOR,False,False,False
cdde4,Gauss-Seidel,True,True,True
cdde4,Jacobi,True,True,True
cdde4,SOR,False,False,False
cdde5,Gauss-Seidel,False,False,False
cdde5,Jacobi,False,False,False
cdde5,SOR,False,False,False
cdde6,Gauss-Seidel,True,True,True
cdde6,Jacobi,True,True,True
cdde6,SOR,False,False,False
cell1,Gauss-Seidel,True,True,True
cell1,Jacobi,False,False,False
cell1,SOR,False,False,False
cell2,Gauss-Seidel,True,True,True
cell2,Jacobi,False,False,False
cell2,SOR,False,False,False
circuit204,Gauss-Seidel,False,False,False
circuit204,Jacobi,False,False,False
circuit204,SOR,False,False,False
circuit_1,Gauss-Seidel,True,True,False
circuit_1,Jacobi,True,True,False
circuit_1,SOR,True,True,False
circuit_2,Gauss-Seidel,True,True,False
circuit_2,Jacobi,True,True,False
circuit_2,SOR,True,True,False
ck104,Gauss-Seidel,True,True,True
ck104,Jacobi,False,False,False
ck104,SOR,True,True,True
ck400,Gauss-Seidel,False,False,False
ck400,Jacobi,False,False,False
ck400,SOR,True,True,True
ck656,Gauss-Seidel,False,False,False
ck656,Jacobi,False,False,False
ck656,SOR,False,False,False
cnae9_10NN,Gauss-Seidel,False,False,False
cnae9_10NN,Jacobi,False,False,False
cnae9_10NN,SOR,False,False,False
collins_15NN,Gauss-Seidel,False,False,False
collins_15NN,Jacobi,False,False,False
collins_15NN,SOR,False,False,False
comsol,Gauss-Seidel,False,False,False
comsol,Jacobi,False,False,False
comsol,SOR,False,False,False
cryg10000,Gauss-Seidel,False,False,False
cryg10000,Jacobi,False,False,False
cryg10000,SOR,False,False,False
cryg2500,Gauss-Seidel,False,False,False
cryg2500,Jacobi,False,False,False
cryg2500,SOR,False,False,False
crystk01,Gauss-Seidel,False,False,False
crystk01,Jacobi,False,False,False
crystk01,SOR,False,False,False
crystm01,Gauss-Seidel,True,True,True
crystm01,Jacobi,False,False,False
crystm01,SOR,True,True,True
cz1268,Gauss-Seidel,False,False,False
cz1268,Jacobi,False,False,False
cz1268,SOR,False,False,False
cz148,Gauss-Seidel,True,True,True
cz148,Jacobi,True,True,True
cz148,SOR,True,True,True
cz2548,Gauss-Seidel,False,False,False
cz2548,Jacobi,False,False,False
cz2548,SOR,False,False,False
cz308,Gauss-Seidel,False,False,False
cz308,Jacobi,False,False,False
cz308,SOR,True,True,True
cz5108,Gauss-Seidel,False,False,False
cz5108,Jacobi,False,False,False
cz5108,SOR,False,False,False
cz628,Gauss-Seidel,False,False,False
cz628,Jacobi,False,False,False
cz628,SOR,False,False,False
d_dyn,Gauss-Seidel,False,False,False
d_dyn,Jacobi,False,False,False
d_dyn,SOR,False,False,False
d_dyn1,Gauss-Seidel,False,False,False
d_dyn1,Jacobi,False,False,False
d_dyn1,SOR,False,False,False
d_ss,Gauss-Seidel,False,False,False
d_ss,Jacobi,False,False,False
d_ss,SOR,False,False,False
dataset12mfeatfactors_10NN,Gauss-Seidel,False,False,False
dataset12mfeatfactors_10NN,Jacobi,False,False,False
dataset12mfeatfactors_10NN,SOR,False,False,False
dataset16mfeatkarhunen_10NN,Gauss-Seidel,False,False,False
dataset16mfeatkarhunen_10NN,Jacobi,False,False,False
dataset16mfeatkarhunen_10NN,SOR,False,False,False
dataset18mfeatmorphological_10NN,Gauss-Seidel,False,False,False
dataset18mfeatmorphological_10NN,Jacobi,False,False,False
dataset18mfeatmorphological_10NN,SOR,False,False,False
dataset20mfeatpixel_10NN,Gauss-Seidel,False,False,False
dataset20mfeatpixel_10NN,Jacobi,False,False,False
dataset20mfeatpixel_10NN,SOR,False,False,False
dataset22mfeatzernike_10NN,Gauss-Seidel,False,False,False
dataset22mfeatzernike_10NN,Jacobi,False,False,False
dataset22mfeatzernike_10NN,SOR,False,False,False
dendrimer,Gauss-Seidel,False,False,False
dendrimer,Jacobi,False,False,False
dendrimer,SOR,False,False,False
dermatology_5NN,Gauss-Seidel,False,False,False
dermatology_5NN,Jacobi,False,False,False
dermatology_5NN,SOR,False,False,False
dw1024,Gauss-Seidel,False,False,False
dw1024,Jacobi,False,False,False
dw1024,SOR,False,False,False
dw2048,Gauss-Seidel,False,False,False
dw2048,Jacobi,False,False,False
dw2048,SOR,False,False,False
dw256A,Gauss-Seidel,False,False,False
dw256A,Jacobi,False,False,False
dw256A,SOR,False,False,False
dw256B,Gauss-Seidel,True,True,True
dw256B,Jacobi,True,True,True
dw256B,SOR,True,True,True
dw4096,Gauss-Seidel,False,False,False
dw4096,Jacobi,False,False,False
dw4096,SOR,False,False,False
dw8192,Gauss-Seidel,False,False,False
dw8192,Jacobi,False,False,False
dw8192,SOR,False,False,False
dwa512,Gauss-Seidel,False,False,False
dwa512,Jacobi,False,False,False
dwa512,SOR,False,False,False
dwb512,Gauss-Seidel,True,True,True
dwb512,Jacobi,True,True,True
dwb512,SOR,True,True,True
dynamicSoaringProblem_1,Gauss-Seidel,False,False,False
dynamicSoaringProblem_1,Jacobi,False,False,False
dynamicSoaringProblem_1,SOR,False,False,False
dynamicSoaringProblem_2,Gauss-Seidel,False,False,False
dynamicSoaringProblem_2,Jacobi,False,False,False
dynamicSoaringProblem_2,SOR,False,False,False
dynamicSoaringProblem_3,Gauss-Seidel,False,False,False
dynamicSoaringProblem_3,Jacobi,False,False,False
dynamicSoaringProblem_3,SOR,False,False,False
dynamicSoaringProblem_4,Gauss-Seidel,False,False,False
dynamicSoaringProblem_4,Jacobi,False,False,False
dynamicSoaringProblem_4,SOR,False,False,False
dynamicSoaringProblem_5,Gauss-Seidel,False,False,False
dynamicSoaringProblem_5,Jacobi,False,False,False
dynamicSoaringProblem_5,SOR,False,False,False
dynamicSoaringProblem_6,Gauss-Seidel,False,False,False
dynamicSoaringProblem_6,Jacobi,False,False,False
dynamicSoaringProblem_6,SOR,False,False,False
dynamicSoaringProblem_7,Gauss-Seidel,False,False,False
dynamicSoaringProblem_7,Jacobi,False,False,False
dynamicSoaringProblem_7,SOR,False,False,False
dynamicSoaringProblem_8,Gauss-Seidel,False,False,False
dynamicSoaringProblem_8,Jacobi,False,False,False
dynamicSoaringProblem_8,SOR,False,False,False
epb0,Gauss-Seidel,False,False,False
epb0,Jacobi,False,False,False
epb0,SOR,False,False,False
eurqsa,Gauss-Seidel,False,False,False
eurqsa,Jacobi,False,False,False
eurqsa,SOR,False,False,False
ex10,Gauss-Seidel,False,False,False
ex10,Jacobi,False,False,False
ex10,SOR,False,False,False
ex10hs,Gauss-Seidel,False,False,False
ex10hs,Jacobi,False,False,False
ex10hs,SOR,False,False,False
ex12,Gauss-Seidel,False,False,False
ex12,Jacobi,False,False,False
ex12,SOR,False,False,False
ex13,Gauss-Seidel,True,True,True
ex13,Jacobi,False,False,False
ex13,SOR,True,True,True
ex14,Gauss-Seidel,False,False,False
ex14,Jacobi,False,False,False
ex14,SOR,False,False,False
ex15,Gauss-Seidel,False,False,False
ex15,Jacobi,False,False,False
ex15,SOR,False,False,False
ex18,Gauss-Seidel,False,False,False
ex18,Jacobi,False,False,False
ex18,SOR,False,False,False
ex20,Gauss-Seidel,False,False,False
ex20,Jacobi,False,False,False
ex20,SOR,False,False,False
ex21,Gauss-Seidel,False,False,False
ex21,Jacobi,False,False,False
ex21,SOR,False,False,False
ex22,Gauss-Seidel,False,False,False
ex22,Jacobi,False,False,False
ex22,SOR,False,False,False
ex23,Gauss-Seidel,False,False,False
ex23,Jacobi,False,False,False
ex23,SOR,False,False,False
ex24,Gauss-Seidel,False,False,False
ex24,Jacobi,False,False,False
ex24,SOR,False,False,False
ex25,Gauss-Seidel,False,False,False
ex25,Jacobi,False,False,False
ex25,SOR,False,False,False
ex26,Gauss-Seidel,False,False,False
ex26,Jacobi,False,False,False
ex26,SOR,False,False,False
ex27,Gauss-Seidel,False,False,False
ex27,Jacobi,False,False,False
ex27,SOR,False,False,False
ex28,Gauss-Seidel,False,False,False
ex28,Jacobi,False,False,False
ex28,SOR,False,False,False
ex29,Gauss-Seidel,True,True,True
ex29,Jacobi,False,False,False
ex29,SOR,True,True,True
ex31,Gauss-Seidel,False,False,False
ex31,Jacobi,False,False,False
ex31,SOR,False,False,False
ex32,Gauss-Seidel,False,False,False
ex32,Jacobi,False,False,False
ex32,SOR,False,False,False
ex33,Gauss-Seidel,False,False,False
ex33,Jacobi,False,False,False
ex33,SOR,False,False,False
ex36,Gauss-Seidel,False,False,False
ex36,Jacobi,False,False,False
ex36,SOR,False,False,False
ex37,Gauss-Seidel,True,True,True
ex37,Jacobi,False,False,False
ex37,SOR,True,True,True
ex40,Gauss-Seidel,False,False,False
ex40,Jacobi,False,False,False
ex40,SOR,False,False,False
ex7,Gauss-Seidel,False,False,False
ex7,Jacobi,False,False,False
ex7,SOR,False,False,False
ex8,Gauss-Seidel,False,False,False
ex8,Jacobi,False,False,False
ex8,SOR,False,False,False
ex9,Gauss-Seidel,False,False,False
ex9,Jacobi,False,False,False
ex9,SOR,False,False,False
exdata_1,Gauss-Seidel,False,False,False
exdata_1,Jacobi,False,False,False
exdata_1,SOR,False,False,False
extr1,Gauss-Seidel,False,False,False
extr1,Jacobi,False,False,False
extr1,SOR,False,False,False
extr1b,Gauss-Seidel,False,False,False
extr1b,Jacobi,False,False,False
extr1b,SOR,False,False,False
fd12,Gauss-Seidel,False,False,False
fd12,Jacobi,False,False,False
fd12,SOR,False,False,False
filter2D,Gauss-Seidel,False,False,False
filter2D,Jacobi,False,False,False
filter2D,SOR,False,False,False
flowmeter0,Gauss-Seidel,False,False,False
flowmeter0,Jacobi,False,False,False
flowmeter0,SOR,False,False,False
flowmeter5,Gauss-Seidel,False,False,False
flowmeter5,Jacobi,False,False,False
flowmeter5,SOR,False,False,False
fp,Gauss-Seidel,False,False,False
fp,Jacobi,False,False,False
fp,SOR,False,False,False
fpga_dcop_01,Gauss-Seidel,False,False,False
fpga_dcop_01,Jacobi,False,False,False
fpga_dcop_01,SOR,False,False,False
fpga_dcop_02,Gauss-Seidel,False,False,False
fpga_dcop_02,Jacobi,False,False,False
fpga_dcop_02,SOR,False,False,False
fpga_dcop_03,Gauss-Seidel,False,False,False
fpga_dcop_03,Jacobi,False,False,False
fpga_dcop_03,SOR,False,False,False
fpga_dcop_04,Gauss-Seidel,False,False,False
fpga_dcop_04,Jacobi,False,False,False
fpga_dcop_04,SOR,False,False,False
fpga_dcop_05,Gauss-Seidel,False,False,False
fpga_dcop_05,Jacobi,False,False,False
fpga_dcop_05,SOR,False,False,False
fpga_dcop_06,Gauss-Seidel,False,False,False
fpga_dcop_06,Jacobi,False,False,False
fpga_dcop_06,SOR,False,False,False
fpga_dcop_07,Gauss-Seidel,False,False,False
fpga_dcop_07,Jacobi,False,False,False
fpga_dcop_07,SOR,False,False,False
fpga_dcop_08,Gauss-Seidel,False,False,False
fpga_dcop_08,Jacobi,False,False,False
fpga_dcop_08,SOR,False,False,False
fpga_dcop_09,Gauss-Seidel,False,False,False
fpga_dcop_09,Jacobi,False,False,False
fpga_dcop_09,SOR,False,False,False
fpga_dcop_10,Gauss-Seidel,False,False,False
fpga_dcop_10,Jacobi,False,False,False
fpga_dcop_10,SOR,False,False,False
fpga_dcop_11,Gauss-Seidel,False,False,False
fpga_dcop_11,Jacobi,False,False,False
fpga_dcop_11,SOR,False,False,False
fpga_dcop_12,Gauss-Seidel,False,False,False
fpga_dcop_12,Jacobi,False,False,False
fpga_dcop_12,SOR,False,False,False
fpga_dcop_13,Gauss-Seidel,False,False,False
fpga_dcop_13,Jacobi,False,False,False
fpga_dcop_13,SOR,False,False,False
fpga_dcop_14,Gauss-Seidel,False,False,False
fpga_dcop_14,Jacobi,False,False,False
fpga_dcop_14,SOR,False,False,False
fpga_dcop_15,Gauss-Seidel,False,False,False
fpga_dcop_15,Jacobi,False,False,False
fpga_dcop_15,SOR,False,False,False
fpga_dcop_16,Gauss-Seidel,False,False,False
fpga_dcop_16,Jacobi,False,False,False
fpga_dcop_16,SOR,False,False,False
fpga_dcop_17,Gauss-Seidel,False,False,False
fpga_dcop_17,Jacobi,False,False,False
fpga_dcop_17,SOR,False,False,False
fpga_dcop_18,Gauss-Seidel,False,False,False
fpga_dcop_18,Jacobi,False,False,False
fpga_dcop_18,SOR,False,False,False
fpga_dcop_19,Gauss-Seidel,False,False,False
fpga_dcop_19,Jacobi,False,False,False
fpga_dcop_19,SOR,False,False,False
fpga_dcop_20,Gauss-Seidel,False,False,False
fpga_dcop_20,Jacobi,False,False,False
fpga_dcop_20,SOR,False,False,False
fpga_dcop_21,Gauss-Seidel,False,False,False
fpga_dcop_21,Jacobi,False,False,False
fpga_dcop_21,SOR,False,False,False
fpga_dcop_22,Gauss-Seidel,False,False,False
fpga_dcop_22,Jacobi,False,False,False
fpga_dcop_22,SOR,False,False,False
fpga_dcop_23,Gauss-Seidel,False,False,False
fpga_dcop_23,Jacobi,False,False,False
fpga_dcop_23,SOR,False,False,False
fpga_dcop_24,Gauss-Seidel,False,False,False
fpga_dcop_24,Jacobi,False,False,False
fpga_dcop_24,SOR,False,False,False
fpga_dcop_25,Gauss-Seidel,False,False,False
fpga_dcop_25,Jacobi,False,False,False
fpga_dcop_25,SOR,False,False,False
fpga_dcop_26,Gauss-Seidel,False,False,False
fpga_dcop_26,Jacobi,False,False,False
fpga_dcop_26,SOR,False,False,False
fpga_dcop_27,Gauss-Seidel,False,False,False
fpga_dcop_27,Jacobi,False,False,False
fpga_dcop_27,SOR,False,False,False
fpga_dcop_28,Gauss-Seidel,False,False,False
fpga_dcop_28,Jacobi,False,False,False
fpga_dcop_28,SOR,False,False,False
fpga_dcop_29,Gauss-Seidel,False,False,False
fpga_dcop_29,Jacobi,False,False,False
fpga_dcop_29,SOR,False,False,False
fpga_dcop_30,Gauss-Seidel,False,False,False
fpga_dcop_30,Jacobi,False,False,False
fpga_dcop_30,SOR,False,False,False
fpga_dcop_31,Gauss-Seidel,False,False,False
fpga_dcop_31,Jacobi,False,False,False
fpga_dcop_31,SOR,False,False,False
fpga_dcop_32,Gauss-Seidel,False,False,False
fpga_dcop_32,Jacobi,False,False,False
fpga_dcop_32,SOR,False,False,False
fpga_dcop_33,Gauss-Seidel,False,False,False
fpga_dcop_33,Jacobi,False,False,False
fpga_dcop_33,SOR,False,False,False
fpga_dcop_34,Gauss-Seidel,False,False,False
fpga_dcop_34,Jacobi,False,False,False
fpga_dcop_34,SOR,False,False,False
fpga_dcop_35,Gauss-Seidel,False,False,False
fpga_dcop_35,Jacobi,False,False,False
fpga_dcop_35,SOR,False,False,False
fpga_dcop_36,Gauss-Seidel,False,False,False
fpga_dcop_36,Jacobi,False,False,False
fpga_dcop_36,SOR,False,False,False
fpga_dcop_37,Gauss-Seidel,False,False,False
fpga_dcop_37,Jacobi,False,False,False
fpga_dcop_37,SOR,False,False,False
fpga_dcop_38,Gauss-Seidel,False,False,False
fpga_dcop_38,Jacobi,False,False,False
fpga_dcop_38,SOR,False,False,False
fpga_dcop_39,Gauss-Seidel,False,False,False
fpga_dcop_39,Jacobi,False,False,False
fpga_dcop_39,SOR,False,False,False
fpga_dcop_40,Gauss-Seidel,False,False,False
fpga_dcop_40,Jacobi,False,False,False
fpga_dcop_40,SOR,False,False,False
fpga_dcop_41,Gauss-Seidel,False,False,False
fpga_dcop_41,Jacobi,False,False,False
fpga_dcop_41,SOR,False,False,False
fpga_dcop_42,Gauss-Seidel,False,False,False
fpga_dcop_42,Jacobi,False,False,False
fpga_dcop_42,SOR,False,False,False
fpga_dcop_43,Gauss-Seidel,False,False,False
fpga_dcop_43,Jacobi,False,False,False
fpga_dcop_43,SOR,False,False,False
fpga_dcop_44,Gauss-Seidel,False,False,False
fpga_dcop_44,Jacobi,False,False,False
fpga_dcop_44,SOR,False,False,False
fpga_dcop_45,Gauss-Seidel,False,False,False
fpga_dcop_45,Jacobi,False,False,False
fpga_dcop_45,SOR,False,False,False
fpga_dcop_46,Gauss-Seidel,False,False,False
fpga_dcop_46,Jacobi,False,False,False
fpga_dcop_46,SOR,False,False,False
fpga_dcop_47,Gauss-Seidel,False,False,False
fpga_dcop_47,Jacobi,False,False,False
fpga_dcop_47,SOR,False,False,False
fpga_dcop_48,Gauss-Seidel,False,False,False
fpga_dcop_48,Jacobi,False,False,False
fpga_dcop_48,SOR,False,False,False
fpga_dcop_49,Gauss-Seidel,False,False,False
fpga_dcop_49,Jacobi,False,False,False
fpga_dcop_49,SOR,False,False,False
fpga_dcop_50,Gauss-Seidel,False,False,False
fpga_dcop_50,Jacobi,False,False,False
fpga_dcop_50,SOR,False,False,False
fpga_dcop_51,Gauss-Seidel,False,False,False
fpga_dcop_51,Jacobi,False,False,False
fpga_dcop_51,SOR,False,False,False
fpga_trans_01,Gauss-Seidel,True,True,False
fpga_trans_01,Jacobi,True,True,False
fpga_trans_01,SOR,True,True,False
fpga_trans_02,Gauss-Seidel,True,True,False
fpga_trans_02,Jacobi,True,True,False
fpga_trans_02,SOR,True,True,False
freeFlyingRobot_1,Gauss-Seidel,False,False,False
freeFlyingRobot_1,Jacobi,False,False,False
freeFlyingRobot_1,SOR,False,False,False
freeFlyingRobot_10,Gauss-Seidel,False,False,False
freeFlyingRobot_10,Jacobi,False,False,False
freeFlyingRobot_10,SOR,False,False,False
freeFlyingRobot_11,Gauss-Seidel,False,False,False
freeFlyingRobot_11,Jacobi,False,False,False
freeFlyingRobot_11,SOR,False,False,False
freeFlyingRobot_12,Gauss-Seidel,False,False,False
freeFlyingRobot_12,Jacobi,False,False,False
freeFlyingRobot_12,SOR,False,False,False
freeFlyingRobot_13,Gauss-Seidel,False,False,False
freeFlyingRobot_13,Jacobi,False,False,False
freeFlyingRobot_13,SOR,False,False,False
freeFlyingRobot_14,Gauss-Seidel,False,False,False
freeFlyingRobot_14,Jacobi,False,False,False
freeFlyingRobot_14,SOR,False,False,False
freeFlyingRobot_15,Gauss-Seidel,False,False,False
freeFlyingRobot_15,Jacobi,False,False,False
freeFlyingRobot_15,SOR,False,False,False
freeFlyingRobot_16,Gauss-Seidel,False,False,False
freeFlyingRobot_16,Jacobi,False,False,False
freeFlyingRobot_16,SOR,False,False,False
freeFlyingRobot_2,Gauss-Seidel,False,False,False
freeFlyingRobot_2,Jacobi,False,False,False
freeFlyingRobot_2,SOR,False,False,False
freeFlyingRobot_3,Gauss-Seidel,False,False,False
freeFlyingRobot_3,Jacobi,False,False,False
freeFlyingRobot_3,SOR,False,False,False
freeFlyingRobot_4,Gauss-Seidel,False,False,False
freeFlyingRobot_4,Jacobi,False,False,False
freeFlyingRobot_4,SOR,False,False,False
freeFlyingRobot_5,Gauss-Seidel,False,False,False
freeFlyingRobot_5,Jacobi,False,False,False
freeFlyingRobot_5,SOR,False,False,False
freeFlyingRobot_6,Gauss-Seidel,False,False,False
freeFlyingRobot_6,Jacobi,False,False,False
freeFlyingRobot_6,SOR,False,False,False
freeFlyingRobot_7,Gauss-Seidel,False,False,False
freeFlyingRobot_7,Jacobi,False,False,False
freeFlyingRobot_7,SOR,False,False,False
freeFlyingRobot_8,Gauss-Seidel,False,False,False
freeFlyingRobot_8,Jacobi,False,False,False
freeFlyingRobot_8,SOR,False,False,False
freeFlyingRobot_9,Gauss-Seidel,False,False,False
freeFlyingRobot_9,Jacobi,False,False,False
freeFlyingRobot_9,SOR,False,False,False
fs_183_1,Gauss-Seidel,True,True,True
fs_183_1,Jacobi,True,True,True
fs_183_1,SOR,False,False,False
fs_183_3,Gauss-Seidel,True,True,True
fs_183_3,Jacobi,True,True,True
fs_183_3,SOR,True,True,True
fs_183_4,Gauss-Seidel,True,True,True
fs_183_4,Jacobi,True,True,True
fs_183_4,SOR,True,True,True
fs_183_6,Gauss-Seidel,True,True,True
fs_183_6,Jacobi,True,True,True
fs_183_6,SOR,False,False,False
fs_541_1,Gauss-Seidel,True,True,True
fs_541_1,Jacobi,True,True,True
fs_541_1,SOR,True,True,True
fs_541_2,Gauss-Seidel,True,True,True
fs_541_2,Jacobi,False,False,False
fs_541_2,SOR,True,True,True
fs_541_3,Gauss-Seidel,True,True,True
fs_541_3,Jacobi,False,False,False
fs_541_3,SOR,True,True,True
fs_541_4,Gauss-Seidel,True,True,True
fs_541_4,Jacobi,False,False,False
fs_541_4,SOR,True,True,True
fs_680_1,Gauss-Seidel,True,True,True
fs_680_1,Jacobi,True,True,True
fs_680_1,SOR,True,True,True
fs_680_2,Gauss-Seidel,True,True,True
fs_680_2,Jacobi,True,True,True
fs_680_2,SOR,True,True,True
fs_680_3,Gauss-Seidel,True,True,True
fs_680_3,Jacobi,True,True,True
fs_680_3,SOR,True,True,True
fs_760_1,Gauss-Seidel,True,True,True
fs_760_1,Jacobi,True,True,True
fs_760_1,SOR,True,True,True
fs_760_2,Gauss-Seidel,True,True,True
fs_760_2,Jacobi,False,False,False
fs_760_2,SOR,False,False,False
fs_760_3,Gauss-Seidel,False,False,False
fs_760_3,Jacobi,False,False,False
fs_760_3,SOR,False,False,False
fv1,Gauss-Seidel,True,True,True
fv1,Jacobi,True,True,True
fv1,SOR,True,True,True
fv2,Gauss-Seidel,True,True,True
fv2,Jacobi,True,True,True
fv2,SOR,True,True,True
fv3,Gauss-Seidel,False,False,False
fv3,Jacobi,False,False,False
fv3,SOR,True,True,True
g7jac010,Gauss-Seidel,False,False,False
g7jac010,Jacobi,False,False,False
g7jac010,SOR,False,False,False
g7jac010sc,Gauss-Seidel,False,False,False
g7jac010sc,Jacobi,False,False,False
g7jac010sc,SOR,False,False,False
g7jac020,Gauss-Seidel,False,False,False
g7jac020,Jacobi,False,False,False
g7jac020,SOR,False,False,False
g7jac020sc,Gauss-Seidel,False,False,False
g7jac020sc,Jacobi,False,False,False
g7jac020sc,SOR,False,False,False
garon1,Gauss-Seidel,False,False,False
garon1,Jacobi,False,False,False
garon1,SOR,False,False,False
gemat11,Gauss-Seidel,False,False,False
gemat11,Jacobi,False,False,False
gemat11,SOR,False,False,False
gemat12,Gauss-Seidel,False,False,False
gemat12,Jacobi,False,False,False
gemat12,SOR,False,False,False
goddardRocketProblem_1,Gauss-Seidel,False,False,False
goddardRocketProblem_1,Jacobi,False,False,False
goddardRocketProblem_1,SOR,False,False,False
goddardRocketProblem_2,Gauss-Seidel,False,False,False
goddardRocketProblem_2,Jacobi,False,False,False
goddardRocketProblem_2,SOR,False,False,False
goodwin,Gauss-Seidel,False,False,False
goodwin,Jacobi,False,False,False
goodwin,SOR,False,False,False
graham1,Gauss-Seidel,False,False,False
graham1,Jacobi,False,False,False
graham1,SOR,False,False,False
gre_1107,Gauss-Seidel,False,False,False
gre_1107,Jacobi,False,False,False
gre_1107,SOR,False,False,False
gre_115,Gauss-Seidel,False,False,False
gre_115,Jacobi,False,False,False
gre_115,SOR,False,False,False
gre_185,Gauss-Seidel,False,False,False
gre_185,Jacobi,False,False,False
gre_185,SOR,False,False,False
gre_216a,Gauss-Seidel,False,False,False
gre_216a,Jacobi,False,False,False
gre_216a,SOR,False,False,False
gre_216b,Gauss-Seidel,False,False,False
gre_216b,Jacobi,False,False,False
gre_216b,SOR,False,False,False
gre_343,Gauss-Seidel,False,False,False
gre_343,Jacobi,False,False,False
gre_343,SOR,False,False,False
gre_512,Gauss-Seidel,False,False,False
gre_512,Jacobi,False,False,False
gre_512,SOR,False,False,False
hangGlider_1,Gauss-Seidel,False,False,False
hangGlider_1,Jacobi,False,False,False
hangGlider_1,SOR,False,False,False
hangGlider_2,Gauss-Seidel,False,False,False
hangGlider_2,Jacobi,False,False,False
hangGlider_2,SOR,False,False,False
heart1,Gauss-Seidel,False,False,False
heart1,Jacobi,False,False,False
heart1,SOR,False,False,False
heart2,Gauss-Seidel,False,False,False
heart2,Jacobi,False,False,False
heart2,SOR,False,False,False
heart3,Gauss-Seidel,False,False,False
heart3,Jacobi,False,False,False
heart3,SOR,False,False,False
hor_131,Gauss-Seidel,True,True,True
hor_131,Jacobi,False,False,False
hor_131,SOR,True,True,True
hydr1,Gauss-Seidel,False,False,False
hydr1,Jacobi,False,False,False
hydr1,SOR,False,False,False
hydr1c,Gauss-Seidel,False,False,False
hydr1c,Jacobi,False,False,False
hydr1c,SOR,False,False,False
impcol_a,Gauss-Seidel,False,False,False
impcol_a,Jacobi,False,False,False
impcol_a,SOR,False,False,False
impcol_b,Gauss-Seidel,False,False,False
impcol_b,Jacobi,False,False,False
impcol_b,SOR,True,True,False
impcol_c,Gauss-Seidel,False,False,False
impcol_c,Jacobi,False,False,False
impcol_c,SOR,False,False,False
impcol_d,Gauss-Seidel,False,False,False
impcol_d,Jacobi,False,False,False
impcol_d,SOR,False,False,False
impcol_e,Gauss-Seidel,False,True,False
impcol_e,Jacobi,False,False,False
impcol_e,SOR,False,False,False
indianpines_10NN,Gauss-Seidel,False,False,False
indianpines_10NN,Jacobi,False,False,False
indianpines_10NN,SOR,False,False,False
init_adder1,Gauss-Seidel,False,False,False
init_adder1,Jacobi,False,False,False
init_adder1,SOR,False,False,False
iprob,Gauss-Seidel,True,False,False
iprob,Jacobi,False,False,False
iprob,SOR,True,False,False
iris_dataset_30NN,Gauss-Seidel,False,False,False
iris_dataset_30NN,Jacobi,False,False,False
iris_dataset_30NN,SOR,False,False,False
jan99jac020,Gauss-Seidel,True,True,False
jan99jac020,Jacobi,False,False,False
jan99jac020,SOR,False,False,False
jan99jac020sc,Gauss-Seidel,True,True,False
jan99jac020sc,Jacobi,False,False,False
jan99jac020sc,SOR,False,False,False
kineticBatchReactor_1,Gauss-Seidel,False,False,False
kineticBatchReactor_1,Jacobi,False,False,False
kineticBatchReactor_1,SOR,False,False,False
kineticBatchReactor_2,Gauss-Seidel,False,False,False
kineticBatchReactor_2,Jacobi,False,False,False
kineticBatchReactor_2,SOR,False,False,False
kineticBatchReactor_3,Gauss-Seidel,False,False,False
kineticBatchReactor_3,Jacobi,False,False,False
kineticBatchReactor_3,SOR,False,False,False
kineticBatchReactor_4,Gauss-Seidel,False,False,False
kineticBatchReactor_4,Jacobi,False,False,False
kineticBatchReactor_4,SOR,False,False,False
kineticBatchReactor_5,Gauss-Seidel,False,False,False
kineticBatchReactor_5,Jacobi,False,False,False
kineticBatchReactor_5,SOR,False,False,False
kineticBatchReactor_6,Gauss-Seidel,False,False,False
kineticBatchReactor_6,Jacobi,False,False,False
kineticBatchReactor_6,SOR,False,False,False
kineticBatchReactor_7,Gauss-Seidel,False,False,False
kineticBatchReactor_7,Jacobi,False,False,False
kineticBatchReactor_7,SOR,False,False,False
kineticBatchReactor_8,Gauss-Seidel,False,False,False
kineticBatchReactor_8,Jacobi,False,False,False
kineticBatchReactor_8,SOR,False,False,False
kineticBatchReactor_9,Gauss-Seidel,False,False,False
kineticBatchReactor_9,Jacobi,False,False,False
kineticBatchReactor_9,SOR,False,False,False
kmnist_norm_10NN,Gauss-Seidel,False,False,False
kmnist_norm_10NN,Jacobi,False,False,False
kmnist_norm_10NN,SOR,False,False,False
laser,Gauss-Seidel,False,False,False
laser,Jacobi,False,False,False
laser,SOR,False,False,False
lhr01,Gauss-Seidel,False,False,False
lhr01,Jacobi,False,False,False
lhr01,SOR,False,False,False
lhr02,Gauss-Seidel,False,False,False
lhr02,Jacobi,False,False,False
lhr02,SOR,False,False,False
lhr04,Gauss-Seidel,False,False,False
lhr04,Jacobi,False,False,False
lhr04,SOR,False,False,False
lhr04c,Gauss-Seidel,False,False,False
lhr04c,Jacobi,False,False,False
lhr04c,SOR,False,False,False
lhr07,Gauss-Seidel,False,False,False
lhr07,Jacobi,False,False,False
lhr07,SOR,False,False,False
lhr07c,Gauss-Seidel,False,False,False
lhr07c,Jacobi,False,False,False
lhr07c,SOR,False,False,False
lns_131,Gauss-Seidel,False,False,False
lns_131,Jacobi,False,False,False
lns_131,SOR,False,False,False
lns_3937,Gauss-Seidel,False,False,False
lns_3937,Jacobi,False,False,False
lns_3937,SOR,False,False,False
lns_511,Gauss-Seidel,False,False,False
lns_511,Jacobi,False,False,False
lns_511,SOR,False,False,False
lnsp3937,Gauss-Seidel,False,False,False
lnsp3937,Jacobi,False,False,False
lnsp3937,SOR,False,False,False
lnsp_131,Gauss-Seidel,False,False,False
lnsp_131,Jacobi,False,False,False
lnsp_131,SOR,False,False,False
lnsp_511,Gauss-Seidel,False,False,False
lnsp_511,Jacobi,False,False,False
lnsp_511,SOR,False,False,False
lop163,Gauss-Seidel,False,False,False
lop163,Jacobi,False,False,False
lop163,SOR,False,False,False
lowThrust_2,Gauss-Seidel,False,False,False
lowThrust_2,Jacobi,False,False,False
lowThrust_2,SOR,False,False,False
lowThrust_3,Gauss-Seidel,False,False,False
lowThrust_3,Jacobi,False,False,False
lowThrust_3,SOR,False,False,False
lund_a,Gauss-Seidel,False,False,False
lund_a,Jacobi,False,False,False
lund_a,SOR,True,True,True
lund_b,Gauss-Seidel,True,True,True
lund_b,Jacobi,False,False,False
lund_b,SOR,True,True,True
lung1,Gauss-Seidel,False,False,False
lung1,Jacobi,False,False,False
lung1,SOR,False,False,False
mahindas,Gauss-Seidel,False,False,False
mahindas,Jacobi,False,False,False
mahindas,SOR,False,False,False
mark3jac020,Gauss-Seidel,False,False,False
mark3jac020,Jacobi,False,False,False
mark3jac020,SOR,False,False,False
mark3jac020sc,Gauss-Seidel,False,False,False
mark3jac020sc,Jacobi,False,False,False
mark3jac020sc,SOR,False,False,False
mcca,Gauss-Seidel,True,False,False
mcca,Jacobi,False,False,False
mcca,SOR,False,False,False
mcfe,Gauss-Seidel,False,False,False
mcfe,Jacobi,False,False,False
mcfe,SOR,False,False,False
meg1,Gauss-Seidel,False,False,False
meg1,Jacobi,False,False,False
meg1,SOR,False,False,False
meg4,Gauss-Seidel,True,True,False
meg4,Jacobi,True,True,False
meg4,SOR,True,True,False
mesh1e1,Gauss-Seidel,True,True,True
mesh1e1,Jacobi,True,True,True
mesh1e1,SOR,True,True,True
mesh1em1,Gauss-Seidel,True,True,True
mesh1em1,Jacobi,True,True,True
mesh1em1,SOR,True,True,True
mesh1em6,Gauss-Seidel,True,True,True
mesh1em6,Jacobi,True,True,True
mesh1em6,SOR,True,True,True
mesh2e1,Gauss-Seidel,True,True,True
mesh2e1,Jacobi,True,True,True
mesh2e1,SOR,True,True,True
mesh2em5,Gauss-Seidel,True,True,True
mesh2em5,Jacobi,True,True,True
mesh2em5,SOR,True,True,True
mesh3e1,Gauss-Seidel,True,True,True
mesh3e1,Jacobi,True,True,True
mesh3e1,SOR,True,True,True
mesh3em5,Gauss-Seidel,True,True,True
mesh3em5,Jacobi,True,True,True
mesh3em5,SOR,True,True,True
mhd3200a,Gauss-Seidel,False,False,False
mhd3200a,Jacobi,False,False,False
mhd3200a,SOR,False,False,False
mhd3200b,Gauss-Seidel,True,True,True
mhd3200b,Jacobi,False,False,False
mhd3200b,SOR,True,True,True
mhd4800a,Gauss-Seidel,False,False,False
mhd4800a,Jacobi,False,False,False
mhd4800a,SOR,False,False,False
mhd4800b,Gauss-Seidel,True,True,True
mhd4800b,Jacobi,False,False,False
mhd4800b,SOR,True,True,True
mhda416,Gauss-Seidel,False,False,False
mhda416,Jacobi,False,False,False
mhda416,SOR,False,False,False
mhdb416,Gauss-Seidel,True,True,True
mhdb416,Jacobi,False,False,False
mhdb416,SOR,True,True,True
mice_10NN,Gauss-Seidel,False,False,False
mice_10NN,Jacobi,False,False,False
mice_10NN,SOR,False,False,False
micromass_10NN,Gauss-Seidel,False,False,False
micromass_10NN,Jacobi,False,False,False
micromass_10NN,SOR,False,False,False
mnist_test_norm_10NN,Gauss-Seidel,False,False,False
mnist_test_norm_10NN,Jacobi,False,False,False
mnist_test_norm_10NN,SOR,False,False,False
msc00726,Gauss-Seidel,True,True,True
msc00726,Jacobi,False,False,False
msc00726,SOR,True,True,True
msc01050,Gauss-Seidel,False,False,False
msc01050,Jacobi,False,False,False
msc01050,SOR,False,False,False
msc01440,Gauss-Seidel,True,True,True
msc01440,Jacobi,False,False,False
msc01440,SOR,True,True,True
msc04515,Gauss-Seidel,False,False,False
msc04515,Jacobi,False,False,False
msc04515,SOR,False,False,False
nasa1824,Gauss-Seidel,False,False,False
nasa1824,Jacobi,False,False,False
nasa1824,SOR,False,False,False
nasa2146,Gauss-Seidel,True,True,True
nasa2146,Jacobi,False,False,False
nasa2146,SOR,True,True,True
nd3k,Gauss-Seidel,False,False,False
nd3k,Jacobi,False,False,False
nd3k,SOR,False,False,False
nemeth01,Gauss-Seidel,False,False,False
nemeth01,Jacobi,False,False,False
nemeth01,SOR,False,False,False
nemeth02,Gauss-Seidel,True,True,True
nemeth02,Jacobi,True,True,True
nemeth02,SOR,True,True,True
nemeth03,Gauss-Seidel,True,True,True
nemeth03,Jacobi,True,True,True
nemeth03,SOR,True,True,True
nemeth04,Gauss-Seidel,True,True,True
nemeth04,Jacobi,True,True,True
nemeth04,SOR,True,True,True
nemeth05,Gauss-Seidel,True,True,True
nemeth05,Jacobi,True,True,True
nemeth05,SOR,True,True,True
nemeth06,Gauss-Seidel,True,True,True
nemeth06,Jacobi,True,True,True
nemeth06,SOR,True,True,True
nemeth07,Gauss-Seidel,True,True,True
nemeth07,Jacobi,True,True,True
nemeth07,SOR,True,True,True
nemeth08,Gauss-Seidel,True,True,True
nemeth08,Jacobi,True,True,True
nemeth08,SOR,True,True,True
nemeth09,Gauss-Seidel,True,True,True
nemeth09,Jacobi,True,True,True
nemeth09,SOR,True,True,True
nemeth10,Gauss-Seidel,True,True,True
nemeth10,Jacobi,True,True,True
nemeth10,SOR,True,True,True
nemeth11,Gauss-Seidel,True,True,True
nemeth11,Jacobi,True,True,True
nemeth11,SOR,True,True,True
nemeth12,Gauss-Seidel,True,True,True
nemeth12,Jacobi,True,True,True
nemeth12,SOR,True,True,True
nemeth13,Gauss-Seidel,True,True,True
nemeth13,Jacobi,True,True,True
nemeth13,SOR,True,True,True
nemeth14,Gauss-Seidel,False,False,False
nemeth14,Jacobi,False,False,False
nemeth14,SOR,False,False,False
nemeth15,Gauss-Seidel,False,False,False
nemeth15,Jacobi,False,False,False
nemeth15,SOR,False,False,False
nemeth16,Gauss-Seidel,False,False,False
nemeth16,Jacobi,False,False,False
nemeth16,SOR,False,False,False
nemeth18,Gauss-Seidel,False,False,False
nemeth18,Jacobi,False,False,False
nemeth18,SOR,False,False,False
nemeth19,Gauss-Seidel,False,False,False
nemeth19,Jacobi,False,False,False
nemeth19,SOR,False,False,False
nemeth20,Gauss-Seidel,False,False,False
nemeth20,Jacobi,False,False,False
nemeth20,SOR,False,False,False
nemeth21,Gauss-Seidel,False,False,False
nemeth21,Jacobi,False,False,False
nemeth21,SOR,False,False,False
nemeth24,Gauss-Seidel,False,False,False
nemeth24,Jacobi,False,False,False
nemeth24,SOR,False,False,False
nemeth26,Gauss-Seidel,False,False,False
nemeth26,Jacobi,False,False,False
nemeth26,SOR,False,False,False
nnc1374,Gauss-Seidel,False,False,False
nnc1374,Jacobi,False,False,False
nnc1374,SOR,False,False,False
nnc261,Gauss-Seidel,False,False,False
nnc261,Jacobi,False,False,False
nnc261,SOR,False,False,False
nnc666,Gauss-Seidel,False,False,False
nnc666,Jacobi,False,False,False
nnc666,SOR,False,False,False
nos2,Gauss-Seidel,False,False,False
nos2,Jacobi,False,False,False
nos2,SOR,False,False,False
nos3,Gauss-Seidel,False,False,False
nos3,Jacobi,False,False,False
nos3,SOR,False,False,False
nos4,Gauss-Seidel,True,True,True
nos4,Jacobi,False,False,False
nos4,SOR,True,True,True
nos5,Gauss-Seidel,True,True,True
nos5,Jacobi,False,False,False
nos5,SOR,True,True,True
nos6,Gauss-Seidel,False,False,False
nos6,Jacobi,False,False,False
nos6,SOR,False,False,False
nos7,Gauss-Seidel,False,False,False
nos7,Jacobi,False,False,False
nos7,SOR,False,False,False
odepa400,Gauss-Seidel,True,False,False
odepa400,Jacobi,False,False,False
odepa400,SOR,False,False,False
olm100,Gauss-Seidel,False,False,False
olm100,Jacobi,False,False,False
olm100,SOR,False,False,False
olm1000,Gauss-Seidel,False,False,False
olm1000,Jacobi,False,False,False
olm1000,SOR,False,False,False
olm2000,Gauss-Seidel,False,False,False
olm2000,Jacobi,False,False,False
olm2000,SOR,False,False,False
olm500,Gauss-Seidel,False,False,False
olm500,Jacobi,False,False,False
olm500,SOR,False,False,False
olm5000,Gauss-Seidel,False,False,False
olm5000,Jacobi,False,False,False
olm5000,SOR,False,False,False
optdigits_10NN,Gauss-Seidel,False,False,False
optdigits_10NN,Jacobi,False,False,False
optdigits_10NN,SOR,False,False,False
orani678,Gauss-Seidel,False,False,False
orani678,Jacobi,False,False,False
orani678,SOR,False,False,False
orbitRaising_1,Gauss-Seidel,False,False,False
orbitRaising_1,Jacobi,False,False,False
orbitRaising_1,SOR,False,False,False
orbitRaising_2,Gauss-Seidel,False,False,False
orbitRaising_2,Jacobi,False,False,False
orbitRaising_2,SOR,False,False,False
orbitRaising_3,Gauss-Seidel,False,False,False
orbitRaising_3,Jacobi,False,False,False
orbitRaising_3,SOR,False,False,False
orbitRaising_4,Gauss-Seidel,False,False,False
orbitRaising_4,Jacobi,False,False,False
orbitRaising_4,SOR,False,False,False
orsirr_1,Gauss-Seidel,False,False,False
orsirr_1,Jacobi,False,False,False
orsirr_1,SOR,False,False,False
orsirr_2,Gauss-Seidel,False,False,False
orsirr_2,Jacobi,False,False,False
orsirr_2,SOR,False,False,False
orsreg_1,Gauss-Seidel,False,False,False
orsreg_1,Jacobi,False,False,False
orsreg_1,SOR,False,False,False
oscil_dcop_01,Gauss-Seidel,False,False,False
oscil_dcop_01,Jacobi,False,False,False
oscil_dcop_01,SOR,False,False,False
oscil_dcop_02,Gauss-Seidel,False,False,False
oscil_dcop_02,Jacobi,False,False,False
oscil_dcop_02,SOR,False,False,False
oscil_dcop_03,Gauss-Seidel,False,False,False
oscil_dcop_03,Jacobi,False,False,False
oscil_dcop_03,SOR,False,False,False
oscil_dcop_04,Gauss-Seidel,False,False,False
oscil_dcop_04,Jacobi,False,False,False
oscil_dcop_04,SOR,False,False,False
oscil_dcop_05,Gauss-Seidel,False,False,False
oscil_dcop_05,Jacobi,False,False,False
oscil_dcop_05,SOR,False,False,False
oscil_dcop_06,Gauss-Seidel,False,False,False
oscil_dcop_06,Jacobi,False,False,False
oscil_dcop_06,SOR,False,False,False
oscil_dcop_07,Gauss-Seidel,False,False,False
oscil_dcop_07,Jacobi,False,False,False
oscil_dcop_07,SOR,False,False,False
oscil_dcop_08,Gauss-Seidel,False,False,False
oscil_dcop_08,Jacobi,False,False,False
oscil_dcop_08,SOR,False,False,False
oscil_dcop_09,Gauss-Seidel,False,False,False
oscil_dcop_09,Jacobi,False,False,False
oscil_dcop_09,SOR,False,False,False
oscil_dcop_10,Gauss-Seidel,False,False,False
oscil_dcop_10,Jacobi,False,False,False
oscil_dcop_10,SOR,False,False,False
oscil_dcop_11,Gauss-Seidel,False,False,False
oscil_dcop_11,Jacobi,False,False,False
oscil_dcop_11,SOR,False,False,False
oscil_dcop_12,Gauss-Seidel,False,False,False
oscil_dcop_12,Jacobi,False,False,False
oscil_dcop_12,SOR,False,False,False
oscil_dcop_13,Gauss-Seidel,False,False,False
oscil_dcop_13,Jacobi,False,False,False
oscil_dcop_13,SOR,False,False,False
oscil_dcop_14,Gauss-Seidel,False,False,False
oscil_dcop_14,Jacobi,False,False,False
oscil_dcop_14,SOR,False,False,False
oscil_dcop_15,Gauss-Seidel,False,False,False
oscil_dcop_15,Jacobi,False,False,False
oscil_dcop_15,SOR,False,False,False
oscil_dcop_16,Gauss-Seidel,False,False,False
oscil_dcop_16,Jacobi,False,False,False
oscil_dcop_16,SOR,False,False,False
oscil_dcop_17,Gauss-Seidel,False,False,False
oscil_dcop_17,Jacobi,False,False,False
oscil_dcop_17,SOR,False,False,False
oscil_dcop_18,Gauss-Seidel,False,False,False
oscil_dcop_18,Jacobi,False,False,False
oscil_dcop_18,SOR,False,False,False
oscil_dcop_19,Gauss-Seidel,False,False,False
oscil_dcop_19,Jacobi,False,False,False
oscil_dcop_19,SOR,False,False,False
oscil_dcop_20,Gauss-Seidel,False,False,False
oscil_dcop_20,Jacobi,False,False,False
oscil_dcop_20,SOR,False,False,False
oscil_dcop_21,Gauss-Seidel,False,False,False
oscil_dcop_21,Jacobi,False,False,False
oscil_dcop_21,SOR,False,False,False
oscil_dcop_22,Gauss-Seidel,False,False,False
oscil_dcop_22,Jacobi,False,False,False
oscil_dcop_22,SOR,False,False,False
oscil_dcop_23,Gauss-Seidel,False,False,False
oscil_dcop_23,Jacobi,False,False,False
oscil_dcop_23,SOR,False,False,False
oscil_dcop_24,Gauss-Seidel,False,False,False
oscil_dcop_24,Jacobi,False,False,False
oscil_dcop_24,SOR,False,False,False
oscil_dcop_25,Gauss-Seidel,False,False,False
oscil_dcop_25,Jacobi,False,False,False
oscil_dcop_25,SOR,False,False,False
oscil_dcop_26,Gauss-Seidel,False,False,False
oscil_dcop_26,Jacobi,False,False,False
oscil_dcop_26,SOR,False,False,False
oscil_dcop_27,Gauss-Seidel,False,False,False
oscil_dcop_27,Jacobi,False,False,False
oscil_dcop_27,SOR,False,False,False
oscil_dcop_28,Gauss-Seidel,False,False,False
oscil_dcop_28,Jacobi,False,False,False
oscil_dcop_28,SOR,False,False,False
oscil_dcop_29,Gauss-Seidel,False,False,False
oscil_dcop_29,Jacobi,False,False,False
oscil_dcop_29,SOR,False,False,False
oscil_dcop_30,Gauss-Seidel,False,False,False
oscil_dcop_30,Jacobi,False,False,False
oscil_dcop_30,SOR,False,False,False
oscil_dcop_31,Gauss-Seidel,False,False,False
oscil_dcop_31,Jacobi,False,False,False
oscil_dcop_31,SOR,False,False,False
oscil_dcop_32,Gauss-Seidel,False,False,False
oscil_dcop_32,Jacobi,False,False,False
oscil_dcop_32,SOR,False,False,False
oscil_dcop_33,Gauss-Seidel,False,False,False
oscil_dcop_33,Jacobi,False,False,False
oscil_dcop_33,SOR,False,False,False
oscil_dcop_34,Gauss-Seidel,False,False,False
oscil_dcop_34,Jacobi,False,False,False
oscil_dcop_34,SOR,False,False,False
oscil_dcop_35,Gauss-Seidel,False,False,False
oscil_dcop_35,Jacobi,False,False,False
oscil_dcop_35,SOR,False,False,False
oscil_dcop_36,Gauss-Seidel,False,False,False
oscil_dcop_36,Jacobi,False,False,False
oscil_dcop_36,SOR,False,False,False
oscil_dcop_37,Gauss-Seidel,False,False,False
oscil_dcop_37,Jacobi,False,False,False
oscil_dcop_37,SOR,False,False,False
oscil_dcop_38,Gauss-Seidel,False,False,False
oscil_dcop_38,Jacobi,False,False,False
oscil_dcop_38,SOR,False,False,False
oscil_dcop_39,Gauss-Seidel,False,False,False
oscil_dcop_39,Jacobi,False,False,False
oscil_dcop_39,SOR,False,False,False
oscil_dcop_40,Gauss-Seidel,False,False,False
oscil_dcop_40,Jacobi,False,False,False
oscil_dcop_40,SOR,False,False,False
oscil_dcop_41,Gauss-Seidel,False,False,False
oscil_dcop_41,Jacobi,False,False,False
oscil_dcop_41,SOR,False,False,False
oscil_dcop_42,Gauss-Seidel,False,False,False
oscil_dcop_42,Jacobi,False,False,False
oscil_dcop_42,SOR,False,False,False
oscil_dcop_43,Gauss-Seidel,False,False,False
oscil_dcop_43,Jacobi,False,False,False
oscil_dcop_43,SOR,False,False,False
oscil_dcop_44,Gauss-Seidel,False,False,False
oscil_dcop_44,Jacobi,False,False,False
oscil_dcop_44,SOR,False,False,False
oscil_dcop_45,Gauss-Seidel,False,False,False
oscil_dcop_45,Jacobi,False,False,False
oscil_dcop_45,SOR,False,False,False
oscil_dcop_46,Gauss-Seidel,False,False,False
oscil_dcop_46,Jacobi,False,False,False
oscil_dcop_46,SOR,False,False,False
oscil_dcop_47,Gauss-Seidel,False,False,False
oscil_dcop_47,Jacobi,False,False,False
oscil_dcop_47,SOR,False,False,False
oscil_dcop_48,Gauss-Seidel,False,False,False
oscil_dcop_48,Jacobi,False,False,False
oscil_dcop_48,SOR,False,False,False
oscil_dcop_49,Gauss-Seidel,False,False,False
oscil_dcop_49,Jacobi,False,False,False
oscil_dcop_49,SOR,False,False,False
oscil_dcop_50,Gauss-Seidel,False,False,False
oscil_dcop_50,Jacobi,False,False,False
oscil_dcop_50,SOR,False,False,False
oscil_dcop_51,Gauss-Seidel,False,False,False
oscil_dcop_51,Jacobi,False,False,False
oscil_dcop_51,SOR,False,False,False
oscil_dcop_52,Gauss-Seidel,False,False,False
oscil_dcop_52,Jacobi,False,False,False
oscil_dcop_52,SOR,False,False,False
oscil_dcop_53,Gauss-Seidel,False,False,False
oscil_dcop_53,Jacobi,False,False,False
oscil_dcop_53,SOR,False,False,False
oscil_dcop_54,Gauss-Seidel,False,False,False
oscil_dcop_54,Jacobi,False,False,False
oscil_dcop_54,SOR,False,False,False
oscil_dcop_55,Gauss-Seidel,False,False,False
oscil_dcop_55,Jacobi,False,False,False
oscil_dcop_55,SOR,False,False,False
oscil_dcop_56,Gauss-Seidel,False,False,False
oscil_dcop_56,Jacobi,False,False,False
oscil_dcop_56,SOR,False,False,False
oscil_dcop_57,Gauss-Seidel,False,False,False
oscil_dcop_57,Jacobi,False,False,False
oscil_dcop_57,SOR,False,False,False
oscil_trans_01,Gauss-Seidel,False,False,False
oscil_trans_01,Jacobi,False,False,False
oscil_trans_01,SOR,False,False,False
pde225,Gauss-Seidel,True,True,True
pde225,Jacobi,True,True,True
pde225,SOR,False,False,False
pde2961,Gauss-Seidel,True,True,True
pde2961,Jacobi,True,True,True
pde2961,SOR,True,True,True
pde900,Gauss-Seidel,True,True,True
pde900,Jacobi,True,True,True
pde900,SOR,True,True,True
piston,Gauss-Seidel,False,False,False
piston,Jacobi,False,False,False
piston,SOR,False,False,False
pivtol,Gauss-Seidel,True,True,False
pivtol,Jacobi,True,True,False
pivtol,SOR,True,True,False
plantsmargin_12NN,Gauss-Seidel,False,False,False
plantsmargin_12NN,Jacobi,False,False,False
plantsmargin_12NN,SOR,False,False,False
plantstexture_10NN,Gauss-Seidel,False,False,False
plantstexture_10NN,Jacobi,False,False,False
plantstexture_10NN,SOR,False,False,False
plat1919,Gauss-Seidel,False,False,False
plat1919,Jacobi,False,False,False
plat1919,SOR,False,False,False
plat362,Gauss-Seidel,False,False,False
plat362,Jacobi,False,False,False
plat362,SOR,False,False,False
plbuckle,Gauss-Seidel,False,False,False
plbuckle,Jacobi,False,False,False
plbuckle,SOR,True,True,True
plsk1919,Gauss-Seidel,False,False,False
plsk1919,Jacobi,False,False,False
plsk1919,SOR,False,False,False
plskz362,Gauss-Seidel,False,False,False
plskz362,Jacobi,False,False,False
plskz362,SOR,False,False,False
poisson2D,Gauss-Seidel,True,True,True
poisson2D,Jacobi,True,True,True
poisson2D,SOR,True,True,True
poli,Gauss-Seidel,True,True,True
poli,Jacobi,True,True,True
poli,SOR,True,True,True
pores_1,Gauss-Seidel,True,True,False
pores_1,Jacobi,False,False,False
pores_1,SOR,False,False,False
pores_2,Gauss-Seidel,False,False,False
pores_2,Jacobi,False,False,False
pores_2,SOR,False,False,False
pores_3,Gauss-Seidel,False,False,False
pores_3,Jacobi,False,False,False
pores_3,SOR,False,False,False
problem1,Gauss-Seidel,False,False,False
problem1,Jacobi,False,False,False
problem1,SOR,False,False,False
psmigr_3,Gauss-Seidel,True,True,False
psmigr_3,Jacobi,False,False,False
psmigr_3,SOR,True,True,False
qh1484,Gauss-Seidel,False,False,False
qh1484,Jacobi,False,False,False
qh1484,SOR,False,False,False
qh768,Gauss-Seidel,False,False,False
qh768,Jacobi,False,False,False
qh768,SOR,False,False,False
qh882,Gauss-Seidel,False,False,False
qh882,Jacobi,False,False,False
qh882,SOR,False,False,False
radfr1,Gauss-Seidel,False,False,False
radfr1,Jacobi,False,False,False
radfr1,SOR,False,False,False
raefsky1,Gauss-Seidel,False,False,False
raefsky1,Jacobi,False,False,False
raefsky1,SOR,False,False,False
raefsky2,Gauss-Seidel,False,False,False
raefsky2,Jacobi,False,False,False
raefsky2,SOR,False,False,False
raefsky5,Gauss-Seidel,True,True,True
raefsky5,Jacobi,True,True,True
raefsky5,SOR,True,True,True
raefsky6,Gauss-Seidel,True,True,True
raefsky6,Jacobi,True,True,True
raefsky6,SOR,True,True,True
rail_1357,Gauss-Seidel,False,False,False
rail_1357,Jacobi,False,False,False
rail_1357,SOR,False,False,False
rail_5177,Gauss-Seidel,False,False,False
rail_5177,Jacobi,False,False,False
rail_5177,SOR,False,False,False
rajat03,Gauss-Seidel,False,False,False
rajat03,Jacobi,False,False,False
rajat03,SOR,True,True,False
rajat04,Gauss-Seidel,True,True,False
rajat04,Jacobi,True,True,False
rajat04,SOR,True,True,False
rajat05,Gauss-Seidel,True,True,False
rajat05,Jacobi,False,False,False
rajat05,SOR,False,False,False
rajat11,Gauss-Seidel,False,False,False
rajat11,Jacobi,False,False,False
rajat11,SOR,True,True,False
rajat12,Gauss-Seidel,True,True,False
rajat12,Jacobi,True,True,False
rajat12,SOR,True,True,False
rajat13,Gauss-Seidel,True,True,False
rajat13,Jacobi,True,True,False
rajat13,SOR,True,True,False
rajat14,Gauss-Seidel,True,True,False
rajat14,Jacobi,True,True,False
rajat14,SOR,True,True,False
rajat19,Gauss-Seidel,False,False,False
rajat19,Jacobi,False,False,False
rajat19,SOR,False,False,False
rand_001_n5,Gauss-Seidel,False,False,False
rand_001_n5,Jacobi,False,False,False
rand_001_n5,SOR,False,False,False
rand_002_n6,Gauss-Seidel,True,True,False
rand_002_n6,Jacobi,True,True,False
rand_002_n6,SOR,False,False,False
rand_003_n7,Gauss-Seidel,False,False,False
rand_003_n7,Jacobi,False,False,False
rand_003_n7,SOR,False,False,False
rand_004_n8,Gauss-Seidel,False,False,False
rand_004_n8,Jacobi,False,False,False
rand_004_n8,SOR,False,False,False
rand_005_n9,Gauss-Seidel,False,False,False
rand_005_n9,Jacobi,False,False,False
rand_005_n9,SOR,False,False,False
rand_006_n10,Gauss-Seidel,False,False,False
rand_006_n10,Jacobi,False,False,False
rand_006_n10,SOR,False,False,False
rand_007_n11,Gauss-Seidel,False,False,False
rand_007_n11,Jacobi,False,False,False
rand_007_n11,SOR,False,False,False
rand_008_n12,Gauss-Seidel,False,False,False
rand_008_n12,Jacobi,False,False,False
rand_008_n12,SOR,False,False,False
rand_009_n13,Gauss-Seidel,False,False,False
rand_009_n13,Jacobi,False,False,False
rand_009_n13,SOR,False,False,False
rand_010_n13,Gauss-Seidel,False,False,False
rand_010_n13,Jacobi,False,False,False
rand_010_n13,SOR,False,False,False
rand_011_n14,Gauss-Seidel,False,False,False
rand_011_n14,Jacobi,False,False,False
rand_011_n14,SOR,False,False,False
rand_012_n15,Gauss-Seidel,False,False,False
rand_012_n15,Jacobi,False,False,False
rand_012_n15,SOR,False,False,False
rand_013_n16,Gauss-Seidel,False,False,False
rand_013_n16,Jacobi,False,False,False
rand_013_n16,SOR,False,False,False
rand_014_n17,Gauss-Seidel,False,False,False
rand_014_n17,Jacobi,False,False,False
rand_014_n17,SOR,False,False,False
rand_015_n18,Gauss-Seidel,False,False,False
rand_015_n18,Jacobi,False,False,False
rand_015_n18,SOR,False,False,False
rand_016_n19,Gauss-Seidel,False,False,False
rand_016_n19,Jacobi,False,False,False
rand_016_n19,SOR,False,False,False
rand_017_n20,Gauss-Seidel,False,False,False
rand_017_n20,Jacobi,False,False,False
rand_017_n20,SOR,False,False,False
rand_018_n21,Gauss-Seidel,False,False,False
rand_018_n21,Jacobi,False,False,False
rand_018_n21,SOR,False,False,False
rand_019_n22,Gauss-Seidel,False,False,False
rand_019_n22,Jacobi,False,False,False
rand_019_n22,SOR,False,False,False
rand_020_n23,Gauss-Seidel,False,False,False
rand_020_n23,Jacobi,False,False,False
rand_020_n23,SOR,False,False,False
rand_021_n24,Gauss-Seidel,False,False,False
rand_021_n24,Jacobi,False,False,False
rand_021_n24,SOR,False,False,False
rand_022_n25,Gauss-Seidel,False,False,False
rand_022_n25,Jacobi,False,False,False
rand_022_n25,SOR,False,False,False
rand_023_n26,Gauss-Seidel,False,False,False
rand_023_n26,Jacobi,False,False,False
rand_023_n26,SOR,False,False,False
rand_024_n27,Gauss-Seidel,False,False,False
rand_024_n27,Jacobi,False,False,False
rand_024_n27,SOR,False,False,False
rand_025_n28,Gauss-Seidel,False,False,False
rand_025_n28,Jacobi,False,False,False
rand_025_n28,SOR,False,False,False
rand_026_n30,Gauss-Seidel,False,False,False
rand_026_n30,Jacobi,False,False,False
rand_026_n30,SOR,False,False,False
rand_027_n31,Gauss-Seidel,False,False,False
rand_027_n31,Jacobi,False,False,False
rand_027_n31,SOR,False,False,False
rand_028_n32,Gauss-Seidel,False,False,False
rand_028_n32,Jacobi,False,False,False
rand_028_n32,SOR,False,False,False
rand_029_n34,Gauss-Seidel,False,False,False
rand_029_n34,Jacobi,False,False,False
rand_029_n34,SOR,False,False,False
rand_030_n35,Gauss-Seidel,False,False,False
rand_030_n35,Jacobi,False,False,False
rand_030_n35,SOR,False,False,False
rand_031_n36,Gauss-Seidel,False,False,False
rand_031_n36,Jacobi,False,False,False
rand_031_n36,SOR,False,False,False
rand_032_n38,Gauss-Seidel,False,False,False
rand_032_n38,Jacobi,False,False,False
rand_032_n38,SOR,False,False,False
rand_033_n38,Gauss-Seidel,False,False,False
rand_033_n38,Jacobi,False,False,False
rand_033_n38,SOR,False,False,False
rand_034_n40,Gauss-Seidel,False,False,False
rand_034_n40,Jacobi,False,False,False
rand_034_n40,SOR,False,False,False
rand_035_n41,Gauss-Seidel,False,False,False
rand_035_n41,Jacobi,False,False,False
rand_035_n41,SOR,False,False,False
rand_036_n43,Gauss-Seidel,False,False,False
rand_036_n43,Jacobi,False,False,False
rand_036_n43,SOR,False,False,False
rand_037_n45,Gauss-Seidel,False,False,False
rand_037_n45,Jacobi,False,False,False
rand_037_n45,SOR,False,False,False
rand_038_n47,Gauss-Seidel,False,False,False
rand_038_n47,Jacobi,False,False,False
rand_038_n47,SOR,False,False,False
rand_039_n48,Gauss-Seidel,False,False,False
rand_039_n48,Jacobi,False,False,False
rand_039_n48,SOR,False,False,False
rand_040_n49,Gauss-Seidel,False,False,False
rand_040_n49,Jacobi,False,False,False
rand_040_n49,SOR,False,False,False
rand_041_n51,Gauss-Seidel,False,False,False
rand_041_n51,Jacobi,False,False,False
rand_041_n51,SOR,False,False,False
rand_042_n51,Gauss-Seidel,False,False,False
rand_042_n51,Jacobi,False,False,False
rand_042_n51,SOR,False,False,False
rand_043_n53,Gauss-Seidel,False,False,False
rand_043_n53,Jacobi,False,False,False
rand_043_n53,SOR,False,False,False
rand_044_n55,Gauss-Seidel,False,False,False
rand_044_n55,Jacobi,False,False,False
rand_044_n55,SOR,False,False,False
rand_045_n57,Gauss-Seidel,False,False,False
rand_045_n57,Jacobi,False,False,False
rand_045_n57,SOR,False,False,False
rand_046_n60,Gauss-Seidel,False,False,False
rand_046_n60,Jacobi,False,False,False
rand_046_n60,SOR,False,False,False
rand_047_n62,Gauss-Seidel,False,False,False
rand_047_n62,Jacobi,False,False,False
rand_047_n62,SOR,False,False,False
rand_048_n65,Gauss-Seidel,False,False,False
rand_048_n65,Jacobi,False,False,False
rand_048_n65,SOR,False,False,False
rand_049_n68,Gauss-Seidel,False,False,False
rand_049_n68,Jacobi,False,False,False
rand_049_n68,SOR,False,False,False
rand_050_n71,Gauss-Seidel,False,False,False
rand_050_n71,Jacobi,False,False,False
rand_050_n71,SOR,False,False,False
rand_051_n74,Gauss-Seidel,False,False,False
rand_051_n74,Jacobi,False,False,False
rand_051_n74,SOR,False,False,False
rand_052_n76,Gauss-Seidel,False,False,False
rand_052_n76,Jacobi,False,False,False
rand_052_n76,SOR,False,False,False
rand_053_n77,Gauss-Seidel,False,False,False
rand_053_n77,Jacobi,False,False,False
rand_053_n77,SOR,False,False,False
rand_054_n80,Gauss-Seidel,False,False,False
rand_054_n80,Jacobi,False,False,False
rand_054_n80,SOR,False,False,False
rand_055_n83,Gauss-Seidel,False,False,False
rand_055_n83,Jacobi,False,False,False
rand_055_n83,SOR,False,False,False
rand_056_n83,Gauss-Seidel,False,False,False
rand_056_n83,Jacobi,False,False,False
rand_056_n83,SOR,False,False,False
rand_057_n87,Gauss-Seidel,False,False,False
rand_057_n87,Jacobi,False,False,False
rand_057_n87,SOR,False,False,False
rand_058_n90,Gauss-Seidel,False,False,False
rand_058_n90,Jacobi,False,False,False
rand_058_n90,SOR,False,False,False
rand_059_n94,Gauss-Seidel,False,False,False
rand_059_n94,Jacobi,False,False,False
rand_059_n94,SOR,False,False,False
rand_060_n98,Gauss-Seidel,False,False,False
rand_060_n98,Jacobi,False,False,False
rand_060_n98,SOR,False,False,False
rand_061_n98,Gauss-Seidel,False,False,False
rand_061_n98,Jacobi,False,False,False
rand_061_n98,SOR,False,False,False
rand_062_n102,Gauss-Seidel,False,False,False
rand_062_n102,Jacobi,False,False,False
rand_062_n102,SOR,False,False,False
rand_063_n107,Gauss-Seidel,False,False,False
rand_063_n107,Jacobi,False,False,False
rand_063_n107,SOR,False,False,False
rand_064_n111,Gauss-Seidel,False,False,False
rand_064_n111,Jacobi,False,False,False
rand_064_n111,SOR,False,False,False
rand_065_n113,Gauss-Seidel,False,False,False
rand_065_n113,Jacobi,False,False,False
rand_065_n113,SOR,False,False,False
rand_066_n116,Gauss-Seidel,False,False,False
rand_066_n116,Jacobi,False,False,False
rand_066_n116,SOR,False,False,False
rand_067_n121,Gauss-Seidel,False,False,False
rand_067_n121,Jacobi,False,False,False
rand_067_n121,SOR,False,False,False
rand_068_n126,Gauss-Seidel,False,False,False
rand_068_n126,Jacobi,False,False,False
rand_068_n126,SOR,False,False,False
rand_069_n131,Gauss-Seidel,False,False,False
rand_069_n131,Jacobi,False,False,False
rand_069_n131,SOR,False,False,False
rand_070_n137,Gauss-Seidel,False,False,False
rand_070_n137,Jacobi,False,False,False
rand_070_n137,SOR,False,False,False
rand_071_n143,Gauss-Seidel,False,False,False
rand_071_n143,Jacobi,False,False,False
rand_071_n143,SOR,False,False,False
rand_072_n149,Gauss-Seidel,False,False,False
rand_072_n149,Jacobi,False,False,False
rand_072_n149,SOR,False,False,False
rand_073_n155,Gauss-Seidel,False,False,False
rand_073_n155,Jacobi,False,False,False
rand_073_n155,SOR,False,False,False
rand_074_n161,Gauss-Seidel,False,False,False
rand_074_n161,Jacobi,False,False,False
rand_074_n161,SOR,False,False,False
rand_075_n168,Gauss-Seidel,False,False,False
rand_075_n168,Jacobi,False,False,False
rand_075_n168,SOR,False,False,False
rand_076_n175,Gauss-Seidel,False,False,False
rand_076_n175,Jacobi,False,False,False
rand_076_n175,SOR,False,False,False
rand_077_n183,Gauss-Seidel,False,False,False
rand_077_n183,Jacobi,False,False,False
rand_077_n183,SOR,False,False,False
rand_078_n190,Gauss-Seidel,False,False,False
rand_078_n190,Jacobi,False,False,False
rand_078_n190,SOR,False,False,False
rand_079_n198,Gauss-Seidel,False,False,False
rand_079_n198,Jacobi,False,False,False
rand_079_n198,SOR,False,False,False
rand_080_n207,Gauss-Seidel,False,False,False
rand_080_n207,Jacobi,False,False,False
rand_080_n207,SOR,False,False,False
rand_081_n208,Gauss-Seidel,False,False,False
rand_081_n208,Jacobi,False,False,False
rand_081_n208,SOR,False,False,False
rand_082_n215,Gauss-Seidel,False,False,False
rand_082_n215,Jacobi,False,False,False
rand_082_n215,SOR,False,False,False
rand_083_n218,Gauss-Seidel,False,False,False
rand_083_n218,Jacobi,False,False,False
rand_083_n218,SOR,False,False,False
rand_084_n223,Gauss-Seidel,False,False,False
rand_084_n223,Jacobi,False,False,False
rand_084_n223,SOR,False,False,False
rand_085_n225,Gauss-Seidel,False,False,False
rand_085_n225,Jacobi,False,False,False
rand_085_n225,SOR,False,False,False
rand_086_n229,Gauss-Seidel,False,False,False
rand_086_n229,Jacobi,False,False,False
rand_086_n229,SOR,False,False,False
rand_087_n234,Gauss-Seidel,False,False,False
rand_087_n234,Jacobi,False,False,False
rand_087_n234,SOR,False,False,False
rand_088_n239,Gauss-Seidel,False,False,False
rand_088_n239,Jacobi,False,False,False
rand_088_n239,SOR,False,False,False
rand_089_n244,Gauss-Seidel,False,False,False
rand_089_n244,Jacobi,False,False,False
rand_089_n244,SOR,False,False,False
rand_090_n254,Gauss-Seidel,False,False,False
rand_090_n254,Jacobi,False,False,False
rand_090_n254,SOR,False,False,False
rand_091_n259,Gauss-Seidel,False,False,False
rand_091_n259,Jacobi,False,False,False
rand_091_n259,SOR,False,False,False
rand_092_n261,Gauss-Seidel,False,False,False
rand_092_n261,Jacobi,False,False,False
rand_092_n261,SOR,False,False,False
rand_093_n262,Gauss-Seidel,False,False,False
rand_093_n262,Jacobi,False,False,False
rand_093_n262,SOR,False,False,False
rand_094_n265,Gauss-Seidel,False,False,False
rand_094_n265,Jacobi,False,False,False
rand_094_n265,SOR,False,False,False
rand_095_n276,Gauss-Seidel,False,False,False
rand_095_n276,Jacobi,False,False,False
rand_095_n276,SOR,False,False,False
rand_096_n277,Gauss-Seidel,False,False,False
rand_096_n277,Jacobi,False,False,False
rand_096_n277,SOR,False,False,False
rand_097_n280,Gauss-Seidel,False,False,False
rand_097_n280,Jacobi,False,False,False
rand_097_n280,SOR,False,False,False
rand_098_n288,Gauss-Seidel,False,False,False
rand_098_n288,Jacobi,False,False,False
rand_098_n288,SOR,False,False,False
rand_099_n293,Gauss-Seidel,False,False,False
rand_099_n293,Jacobi,False,False,False
rand_099_n293,SOR,False,False,False
rand_100_n300,Gauss-Seidel,False,False,False
rand_100_n300,Jacobi,False,False,False
rand_100_n300,SOR,False,False,False
rdb1250,Gauss-Seidel,False,False,False
rdb1250,Jacobi,False,False,False
rdb1250,SOR,False,False,False
rdb1250l,Gauss-Seidel,False,False,False
rdb1250l,Jacobi,False,False,False
rdb1250l,SOR,False,False,False
rdb200,Gauss-Seidel,False,False,False
rdb200,Jacobi,False,False,False
rdb200,SOR,False,False,False
rdb200l,Gauss-Seidel,True,True,False
rdb200l,Jacobi,True,True,False
rdb200l,SOR,False,False,False
rdb2048,Gauss-Seidel,False,False,False
rdb2048,Jacobi,False,False,False
rdb2048,SOR,False,False,False
rdb2048_noL,Gauss-Seidel,False,False,False
rdb2048_noL,Jacobi,False,False,False
rdb2048_noL,SOR,False,False,False
rdb3200l,Gauss-Seidel,False,False,False
rdb3200l,Jacobi,False,False,False
rdb3200l,SOR,False,False,False
rdb450,Gauss-Seidel,False,False,False
rdb450,Jacobi,False,False,False
rdb450,SOR,False,False,False
rdb450l,Gauss-Seidel,False,False,False
rdb450l,Jacobi,False,False,False
rdb450l,SOR,False,False,False
rdb5000,Gauss-Seidel,False,False,False
rdb5000,Jacobi,False,False,False
rdb5000,SOR,False,False,False
rdb800l,Gauss-Seidel,False,False,False
rdb800l,Jacobi,False,False,False
rdb800l,SOR,False,False,False
rdb968,Gauss-Seidel,False,False,False
rdb968,Jacobi,False,False,False
rdb968,SOR,False,False,False
rdist1,Gauss-Seidel,False,False,False
rdist1,Jacobi,False,False,False
rdist1,SOR,False,False,False
rdist2,Gauss-Seidel,False,False,False
rdist2,Jacobi,False,False,False
rdist2,SOR,False,False,False
rdist3a,Gauss-Seidel,False,False,False
rdist3a,Jacobi,False,False,False
rdist3a,SOR,False,False,False
reorientation_1,Gauss-Seidel,False,False,False
reorientation_1,Jacobi,False,False,False
reorientation_1,SOR,False,False,False
reorientation_2,Gauss-Seidel,False,False,False
reorientation_2,Jacobi,False,False,False
reorientation_2,SOR,False,False,False
reorientation_3,Gauss-Seidel,False,False,False
reorientation_3,Jacobi,False,False,False
reorientation_3,SOR,False,False,False
reorientation_4,Gauss-Seidel,False,False,False
reorientation_4,Jacobi,False,False,False
reorientation_4,SOR,False,False,False
reorientation_5,Gauss-Seidel,False,False,False
reorientation_5,Jacobi,False,False,False
reorientation_5,SOR,False,False,False
reorientation_6,Gauss-Seidel,False,False,False
reorientation_6,Jacobi,False,False,False
reorientation_6,SOR,False,False,False
reorientation_7,Gauss-Seidel,False,False,False
reorientation_7,Jacobi,False,False,False
reorientation_7,SOR,False,False,False
reorientation_8,Gauss-Seidel,False,False,False
reorientation_8,Jacobi,False,False,False
reorientation_8,SOR,False,False,False
robot,Gauss-Seidel,False,False,False
robot,Jacobi,False,False,False
robot,SOR,False,False,False
rotor1,Gauss-Seidel,True,True,False
rotor1,Jacobi,True,True,False
rotor1,SOR,True,True,False
rotor2,Gauss-Seidel,False,False,False
rotor2,Jacobi,False,False,False
rotor2,SOR,False,False,False
rw136,Gauss-Seidel,False,False,False
rw136,Jacobi,False,False,False
rw136,SOR,False,False,False
rw496,Gauss-Seidel,False,False,False
rw496,Jacobi,False,False,False
rw496,SOR,False,False,False
rw5151,Gauss-Seidel,False,False,False
rw5151,Jacobi,False,False,False
rw5151,SOR,False,False,False
s1rmq4m1,Gauss-Seidel,False,False,False
s1rmq4m1,Jacobi,False,False,False
s1rmq4m1,SOR,False,False,False
s1rmt3m1,Gauss-Seidel,False,False,False
s1rmt3m1,Jacobi,False,False,False
s1rmt3m1,SOR,False,False,False
s2rmq4m1,Gauss-Seidel,False,False,False
s2rmq4m1,Jacobi,False,False,False
s2rmq4m1,SOR,False,False,False
s2rmt3m1,Gauss-Seidel,False,False,False
s2rmt3m1,Jacobi,False,False,False
s2rmt3m1,SOR,False,False,False
s3rmq4m1,Gauss-Seidel,False,False,False
s3rmq4m1,Jacobi,False,False,False
s3rmq4m1,SOR,False,False,False
s3rmt3m1,Gauss-Seidel,False,False,False
s3rmt3m1,Jacobi,False,False,False
s3rmt3m1,SOR,False,False,False
s3rmt3m3,Gauss-Seidel,False,False,False
s3rmt3m3,Jacobi,False,False,False
s3rmt3m3,SOR,False,False,False
saylr1,Gauss-Seidel,False,False,False
saylr1,Jacobi,False,False,False
saylr1,SOR,False,False,False
saylr3,Gauss-Seidel,False,False,False
saylr3,Jacobi,False,False,False
saylr3,SOR,True,True,True
saylr4,Gauss-Seidel,False,False,False
saylr4,Jacobi,False,False,False
saylr4,SOR,False,False,False
semeion_10NN,Gauss-Seidel,False,False,False
semeion_10NN,Jacobi,False,False,False
semeion_10NN,SOR,False,False,False
sherman1,Gauss-Seidel,False,False,False
sherman1,Jacobi,False,False,False
sherman1,SOR,True,True,True
sherman2,Gauss-Seidel,False,False,False
sherman2,Jacobi,False,False,False
sherman2,SOR,False,False,False
sherman3,Gauss-Seidel,False,False,False
sherman3,Jacobi,False,False,False
sherman3,SOR,False,False,False
sherman4,Gauss-Seidel,True,True,True
sherman4,Jacobi,True,True,True
sherman4,SOR,True,True,True
sherman5,Gauss-Seidel,True,True,False
sherman5,Jacobi,False,False,False
sherman5,SOR,False,False,False
shermanACa,Gauss-Seidel,False,False,False
shermanACa,Jacobi,False,False,False
shermanACa,SOR,True,True,False
shermanACd,Gauss-Seidel,False,False,False
shermanACd,Jacobi,False,False,False
shermanACd,SOR,False,False,False
shyy41,Gauss-Seidel,False,False,False
shyy41,Jacobi,False,False,False
shyy41,SOR,False,False,False
sinc12,Gauss-Seidel,False,False,False
sinc12,Jacobi,False,False,False
sinc12,SOR,False,False,False
spaceShuttleEntry_1,Gauss-Seidel,False,False,False
spaceShuttleEntry_1,Jacobi,False,False,False
spaceShuttleEntry_1,SOR,False,False,False
spaceShuttleEntry_2,Gauss-Seidel,False,False,False
spaceShuttleEntry_2,Jacobi,False,False,False
spaceShuttleEntry_2,SOR,False,False,False
spaceShuttleEntry_3,Gauss-Seidel,False,False,False
spaceShuttleEntry_3,Jacobi,False,False,False
spaceShuttleEntry_3,SOR,False,False,False
spaceShuttleEntry_4,Gauss-Seidel,False,False,False
spaceShuttleEntry_4,Jacobi,False,False,False
spaceShuttleEntry_4,SOR,False,False,False
spaceStation_1,Gauss-Seidel,False,False,False
spaceStation_1,Jacobi,False,False,False
spaceStation_1,SOR,False,False,False
spaceStation_10,Gauss-Seidel,False,False,False
spaceStation_10,Jacobi,False,False,False
spaceStation_10,SOR,False,False,False
spaceStation_11,Gauss-Seidel,False,False,False
spaceStation_11,Jacobi,False,False,False
spaceStation_11,SOR,False,False,False
spaceStation_12,Gauss-Seidel,False,False,False
spaceStation_12,Jacobi,False,False,False
spaceStation_12,SOR,False,False,False
spaceStation_13,Gauss-Seidel,False,False,False
spaceStation_13,Jacobi,False,False,False
spaceStation_13,SOR,False,False,False
spaceStation_14,Gauss-Seidel,False,False,False
spaceStation_14,Jacobi,False,False,False
spaceStation_14,SOR,False,False,False
spaceStation_2,Gauss-Seidel,False,False,False
spaceStation_2,Jacobi,False,False,False
spaceStation_2,SOR,False,False,False
spaceStation_3,Gauss-Seidel,False,False,False
spaceStation_3,Jacobi,False,False,False
spaceStation_3,SOR,False,False,False
spaceStation_4,Gauss-Seidel,False,False,False
spaceStation_4,Jacobi,False,False,False
spaceStation_4,SOR,False,False,False
spaceStation_5,Gauss-Seidel,False,False,False
spaceStation_5,Jacobi,False,False,False
spaceStation_5,SOR,False,False,False
spaceStation_6,Gauss-Seidel,False,False,False
spaceStation_6,Jacobi,False,False,False
spaceStation_6,SOR,False,False,False
spaceStation_7,Gauss-Seidel,False,False,False
spaceStation_7,Jacobi,False,False,False
spaceStation_7,SOR,False,False,False
spaceStation_8,Gauss-Seidel,False,False,False
spaceStation_8,Jacobi,False,False,False
spaceStation_8,SOR,False,False,False
spaceStation_9,Gauss-Seidel,False,False,False
spaceStation_9,Jacobi,False,False,False
spaceStation_9,SOR,False,False,False
spiral,Gauss-Seidel,False,False,False
spiral,Jacobi,False,False,False
spiral,SOR,False,False,False
steam1,Gauss-Seidel,True,True,False
steam1,Jacobi,False,False,False
steam1,SOR,False,False,False
steam2,Gauss-Seidel,True,True,True
steam2,Jacobi,True,True,True
steam2,SOR,False,False,False
steam3,Gauss-Seidel,True,True,True
steam3,Jacobi,True,True,True
steam3,SOR,False,False,False
str_0,Gauss-Seidel,True,True,False
str_0,Jacobi,True,True,False
str_0,SOR,True,True,False
str_200,Gauss-Seidel,False,False,False
str_200,Jacobi,False,False,False
str_200,SOR,False,False,False
str_400,Gauss-Seidel,False,False,False
str_400,Jacobi,False,False,False
str_400,SOR,False,False,False
str_600,Gauss-Seidel,False,False,False
str_600,Jacobi,False,False,False
str_600,SOR,False,False,False
sts4098,Gauss-Seidel,True,True,True
sts4098,Jacobi,False,False,False
sts4098,SOR,True,True,True
swang1,Gauss-Seidel,True,True,True
swang1,Jacobi,True,True,True
swang1,SOR,True,True,True
swang2,Gauss-Seidel,True,True,True
swang2,Jacobi,True,True,True
swang2,SOR,True,True,True
t2d_q4,Gauss-Seidel,True,True,True
t2d_q4,Jacobi,False,False,False
t2d_q4,SOR,True,True,True
t2d_q9,Gauss-Seidel,True,True,True
t2d_q9,Jacobi,False,False,False
t2d_q9,SOR,True,True,True
t2dal,Gauss-Seidel,False,False,False
t2dal,Jacobi,False,False,False
t2dal,SOR,False,False,False
t2dal_a,Gauss-Seidel,False,False,False
t2dal_a,Jacobi,False,False,False
t2dal_a,SOR,False,False,False
t2dal_bci,Gauss-Seidel,False,False,False
t2dal_bci,Jacobi,False,False,False
t2dal_bci,SOR,False,False,False
t2dal_e,Gauss-Seidel,True,True,True
t2dal_e,Jacobi,True,True,True
t2dal_e,SOR,True,True,True
thermal,Gauss-Seidel,True,True,True
thermal,Jacobi,False,False,False
thermal,SOR,True,True,True
tols1090,Gauss-Seidel,True,True,False
tols1090,Jacobi,True,True,False
tols1090,SOR,True,True,False
tols2000,Gauss-Seidel,True,True,False
tols2000,Jacobi,True,True,False
tols2000,SOR,True,True,False
tols340,Gauss-Seidel,True,True,False
tols340,Jacobi,True,True,False
tols340,SOR,True,True,False
tols4000,Gauss-Seidel,True,True,False
tols4000,Jacobi,True,True,False
tols4000,SOR,True,True,False
tols90,Gauss-Seidel,True,True,False
tols90,Jacobi,True,True,False
tols90,SOR,True,True,False
tomography,Gauss-Seidel,True,True,True
tomography,Jacobi,True,True,True
tomography,SOR,True,True,True
tub100,Gauss-Seidel,True,True,True
tub100,Jacobi,False,False,False
tub100,SOR,True,True,True
tub1000,Gauss-Seidel,False,False,False
tub1000,Jacobi,False,False,False
tub1000,SOR,False,False,False
tumorAntiAngiogenesis_1,Gauss-Seidel,False,False,False
tumorAntiAngiogenesis_1,Jacobi,False,False,False
tumorAntiAngiogenesis_1,SOR,False,False,False
tumorAntiAngiogenesis_2,Gauss-Seidel,False,False,False
tumorAntiAngiogenesis_2,Jacobi,False,False,False
tumorAntiAngiogenesis_2,SOR,False,False,False
tumorAntiAngiogenesis_3,Gauss-Seidel,False,False,False
tumorAntiAngiogenesis_3,Jacobi,False,False,False
tumorAntiAngiogenesis_3,SOR,False,False,False
tumorAntiAngiogenesis_4,Gauss-Seidel,True,True,False
tumorAntiAngiogenesis_4,Jacobi,True,True,False
tumorAntiAngiogenesis_4,SOR,False,False,False
tumorAntiAngiogenesis_5,Gauss-Seidel,False,False,False
tumorAntiAngiogenesis_5,Jacobi,False,False,False
tumorAntiAngiogenesis_5,SOR,False,False,False
tumorAntiAngiogenesis_6,Gauss-Seidel,True,True,False
tumorAntiAngiogenesis_6,Jacobi,True,True,False
tumorAntiAngiogenesis_6,SOR,False,False,False
tumorAntiAngiogenesis_7,Gauss-Seidel,False,False,False
tumorAntiAngiogenesis_7,Jacobi,False,False,False
tumorAntiAngiogenesis_7,SOR,False,False,False
tumorAntiAngiogenesis_8,Gauss-Seidel,True,True,False
tumorAntiAngiogenesis_8,Jacobi,True,True,False
tumorAntiAngiogenesis_8,SOR,False,False,False
umistfacesnorm_10NN,Gauss-Seidel,False,False,False
umistfacesnorm_10NN,Jacobi,False,False,False
umistfacesnorm_10NN,SOR,False,False,False
utm1700b,Gauss-Seidel,False,False,False
utm1700b,Jacobi,False,False,False
utm1700b,SOR,False,False,False
utm300,Gauss-Seidel,False,False,False
utm300,Jacobi,False,False,False
utm300,SOR,False,False,False
utm3060,Gauss-Seidel,False,False,False
utm3060,Jacobi,False,False,False
utm3060,SOR,False,False,False
utm5940,Gauss-Seidel,False,False,False
utm5940,Jacobi,False,False,False
utm5940,SOR,False,False,False
viscoplastic1,Gauss-Seidel,False,False,False
viscoplastic1,Jacobi,False,False,False
viscoplastic1,SOR,False,False,False
wang1,Gauss-Seidel,True,True,True
wang1,Jacobi,True,True,True
wang1,SOR,True,True,True
wang2,Gauss-Seidel,True,True,True
wang2,Jacobi,False,False,False
wang2,SOR,True,True,True
watt_1,Gauss-Seidel,True,True,True
watt_1,Jacobi,True,True,True
watt_1,SOR,True,True,True
watt_2,Gauss-Seidel,False,False,False
watt_2,Jacobi,False,False,False
watt_2,SOR,False,False,False
west0067,Gauss-Seidel,False,False,False
west0067,Jacobi,False,False,False
west0067,SOR,False,False,False
west0132,Gauss-Seidel,True,True,False
west0132,Jacobi,False,False,False
west0132,SOR,False,False,False
west0156,Gauss-Seidel,False,False,False
west0156,Jacobi,False,False,False
west0156,SOR,False,False,False
west0167,Gauss-Seidel,True,True,False
west0167,Jacobi,False,False,False
west0167,SOR,False,False,False
west0381,Gauss-Seidel,False,False,False
west0381,Jacobi,False,False,False
west0381,SOR,False,False,False
west0479,Gauss-Seidel,False,False,False
west0479,Jacobi,False,False,False
west0479,SOR,False,False,False
west0497,Gauss-Seidel,False,False,False
west0497,Jacobi,False,False,False
west0497,SOR,False,False,False
west0655,Gauss-Seidel,False,False,False
west0655,Jacobi,False,False,False
west0655,SOR,False,False,False
west0989,Gauss-Seidel,False,False,False
west0989,Jacobi,False,False,False
west0989,SOR,False,False,False
west1505,Gauss-Seidel,False,False,False
west1505,Jacobi,False,False,False
west1505,SOR,False,False,False
west2021,Gauss-Seidel,False,False,False
west2021,Jacobi,False,False,False
west2021,SOR,False,False,False
windtunnel_evap2d,Gauss-Seidel,False,False,False
windtunnel_evap2d,Jacobi,False,False,False
windtunnel_evap2d,SOR,False,False,False
ww_36_pmec_36,Gauss-Seidel,False,False,False
ww_36_pmec_36,Jacobi,False,False,False
ww_36_pmec_36,SOR,False,False,False
yeast_30NN,Gauss-Seidel,False,False,False
yeast_30NN,Jacobi,False,False,False
yeast_30NN,SOR,False,False,False
young3c,Gauss-Seidel,False,False,False
young3c,Jacobi,False,False,False
young3c,SOR,False,False,False
zenios,Gauss-Seidel,False,False,False
zenios,Jacobi,False,False,False
zenios,SOR,False,False,False
